ORIGIN_AIRPORT_ID,CODE,ORIGIN_STATE_ABR,NAME,LOCATION,category,EAS,hub_cat,diff,pct_change,change_category,total_2019,total_2020,total_2021,total_2022,diff_2022,change_type,total_50s_2019,pct_50_2019,total_50s_2022,pct_50_2022,Latitude,Longitude
10135,ABE,PA,Lehigh Valley International,Allentown/Bethlehem/Easton,100k-1 million,no,S,loss,-21.7,at least -20%,6505,3782,5312,5091,-221,less,3053,46.93312836,1071,21.03712434,40.5833639,-75.5043761
10136,ABI,TX,Abilene Regional,Abilene,10k-100k,no,N,loss,-16.8,at least -10%,2312,1695,2394,1924,-470,less,2250,97.3183391,1766,91.78794179,32.4118941,-99.6800464
10140,ABQ,NM,Albuquerque International Sunport,Albuquerque,1-5 million,no,M,loss,-19.7,at least -10%,27807,16098,19070,22334,3264,more,790,2.841011256,870,3.895406107,35.0394211,-106.6085003
10141,ABR,SD,Aberdeen Regional,Aberdeen,10k-100k,yes,N,loss,-5.4,less than -10%,740,690,754,700,-54,less,735,99.32432432,699,99.85714286,45.45324,-98.41844
10146,ABY,GA,Southwest Georgia Regional,Albany,10k-100k,no,N,loss,-5.1,less than -10%,1013,748,1051,961,-90,less,1012,99.90128332,959,99.79188345,31.3254159,-84.4382721
10154,ACK,MA,Nantucket Memorial,Nantucket,100k-1 million,no,N,loss,-32.7,at least -30%,12759,7424,10626,8589,-2037,less,276,2.163178933,0,0.0,41.2834704,-70.099451
10155,ACT,TX,Waco Regional,Waco,10k-100k,no,N,loss,-5.0,less than -10%,1777,1074,1602,1689,87,more,1673,94.1474395,1452,85.96802842,31.6092433,-97.2232208
10157,ACV,CA,California Redwood Coast Humboldt County,Arcata/Eureka,10k-100k,no,N,gain,9.9,less than 10%,1930,1136,1850,2122,272,more,1553,80.46632124,757,35.67389255,40.7450055,-123.8695086
10158,ACY,NJ,Atlantic City International,Atlantic City,100k-1 million,no,S,gain,1.9,less than 10%,3118,1912,3069,3177,108,more,0,0.0,0,0.0,39.3642834,-74.4229266
10185,AEX,LA,Alexandria International,Alexandria,100k-1 million,no,N,loss,-29.1,at least -20%,3232,2233,2961,2291,-670,less,3219,99.59777228,1665,72.67568747,31.32585,-92.54896
10208,AGS,GA,Augusta Regional at Bush Field,Augusta,100k-1 million,no,N,loss,-15.1,at least -10%,5337,3676,4801,4530,-271,less,2036,38.14877272,779,17.19646799,33.3702981,-81.9649175
10257,ALB,NY,Albany International,Albany,1-5 million,no,S,loss,-20.2,at least -20%,18020,9817,11656,14385,2729,more,5914,32.8190899,2567,17.84497741,42.74817,-73.80257
10268,ALO,IA,Waterloo Regional,Waterloo,10k-100k,yes,N,gain,0.7,less than 10%,669,435,538,674,136,more,669,100.0,674,100.0,42.55058,-92.39661
10275,ALW,WA,Walla Walla Regional,Walla Walla,10k-100k,no,N,loss,-31.6,at least -30%,864,604,739,591,-148,less,0,0.0,0,0.0,46.0645809,-118.3430209
10279,AMA,TX,Rick Husband Amarillo International,Amarillo,100k-1 million,no,N,loss,-11.6,at least -10%,5817,3669,4648,5142,494,more,1667,28.65738353,1119,21.76196033,35.2181993,-101.7063897
10333,APN,MI,Alpena County Regional,Alpena,10k-100k,yes,N,unchanged,0.0,unchanged,608,604,618,608,-10,less,608,100.0,608,100.0,45.11297,-83.57758
10361,ART,NY,Watertown International,Watertown,10k-100k,yes,N,loss,-6.9,less than -10%,671,584,618,625,7,more,670,99.8509687,625,100.0,43.99431,-76.02332
10372,ASE,CO,Aspen Pitkin County Sardy Field,Aspen,100k-1 million,no,N,loss,-2.6,less than -10%,6065,4299,5480,5908,428,more,0,0.0,0,0.0,39.2197303,-106.8646011
10397,ATL,GA,Hartsfield-Jackson Atlanta International,Atlanta,more than 5 million,no,L,loss,-20.6,at least -20%,395557,245314,312541,314165,1624,more,37002,9.354404043,17658,5.620613372,33.64095,-84.443945
10408,ATW,WI,Appleton International,Appleton,100k-1 million,no,S,loss,-8.5,less than -10%,6690,4736,7185,6120,-1065,less,3839,57.38415546,3729,60.93137255,44.2605,-88.5111
10409,ATY,SD,Watertown Regional,Watertown,10k-100k,yes,N,gain,24.1,at least 20%,502,588,916,623,-293,less,502,100.0,596,95.66613162,44.92257,-97.15795
10423,AUS,TX,Austin - Bergstrom International,Austin,more than 5 million,no,L,gain,30.5,at least 30%,67047,36881,60706,87491,26785,more,171,0.255044968,23,0.026288418,30.1974711,-97.6663529
10431,AVL,NC,Asheville Regional,Asheville,100k-1 million,no,S,loss,-4.1,less than -10%,10702,6629,10199,10261,62,more,3545,33.1246496,1198,11.67527531,35.4348962,-82.5378541
10434,AVP,PA,Wilkes Barre Scranton International,Scranton/Wilkes-Barre,100k-1 million,no,N,loss,-52.8,at least -30%,5970,2818,2944,2816,-128,less,4058,67.97319933,1224,43.46590909,41.3377564,-75.7237821
10466,AZA,AZ,Phoenix - Mesa Gateway,Phoenix,100k-1 million,no,S,gain,1.3,less than 10%,5687,4873,5985,5759,-226,less,0,0.0,0,0.0,33.3089787,-111.6559353
10469,AZO,MI,Kalamazoo/Battle Creek International,Kalamazoo,100k-1 million,no,N,loss,-55.1,at least -30%,3697,2087,2134,1661,-473,less,2866,77.52231539,1588,95.60505719,42.2314382,-85.5512496
10529,BDL,CT,Bradley International,Hartford,1-5 million,no,M,loss,-18.4,at least -10%,29137,15666,20757,23788,3031,more,1509,5.17898205,107,0.449806625,41.9388735,-72.6860314
10558,BFF,NE,Western Neb. Regional/William B. Heilig Field,Scottsbluff,10k-100k,yes,N,gain,18.1,at least 10%,668,674,672,789,117,more,618,92.51497006,720,91.25475285,41.8696365,-103.5926208
10559,BFI,WA,Boeing Field/King County International,Seattle,10k-100k,no,N,loss,-1.8,less than -10%,1933,752,1357,1898,541,more,0,0.0,0,0.0,47.5369043,-122.3038555
10561,BFL,CA,Meadows Field,Bakersfield,100k-1 million,no,N,gain,2.4,less than 10%,2439,1965,2665,2497,-168,less,808,33.12833128,669,26.79215058,35.4357649,-119.0574881
10562,BFM,AL,Mobile International,Mobile,10k-100k,no,,loss,-100.0,at least -30%,154,40,1,0,-1,less,0,0.0,0,,30.67762,-88.06907
10577,BGM,NY,Greater Binghamton/Edwin A. Link Field,Binghamton,10k-100k,no,N,loss,-60.5,at least -30%,951,425,364,376,12,more,939,98.73817035,350,93.08510638,42.2081084,-75.9820633
10581,BGR,ME,Bangor International,Bangor,100k-1 million,no,N,loss,-6.1,less than -10%,5600,2931,5037,5259,222,more,3719,66.41071429,462,8.784940103,44.808176,-68.8165036
10599,BHM,AL,Birmingham-Shuttlesworth International,Birmingham,1-5 million,no,S,loss,-27.3,at least -20%,20631,11549,14377,14992,615,more,4688,22.72308662,2143,14.29429029,33.5625094,-86.7541573
10613,BID,RI,Block Island State,Block Island,10k-100k,no,N,loss,-8.9,less than -10%,4132,3274,4026,3765,-261,less,0,0.0,0,0.0,41.1616556,-71.5842643
10617,BIH,CA,Bishop Airport,Bishop,less than 10k,no,,gain,,other,0,0,45,334,289,more,0,0.0,0,0.0,37.3714,-118.3661
10620,BIL,MT,Billings Logan International,Billings,100k-1 million,no,S,loss,-25.6,at least -20%,10032,8998,10054,7459,-2595,less,910,9.070972887,84,1.126156321,45.8035081,-108.5379142
10627,BIS,ND,Bismarck Municipal,Bismarck/Mandan,100k-1 million,no,N,loss,-31.5,at least -30%,5295,3515,4144,3625,-519,less,3116,58.84796978,1112,30.67586207,46.8054947,-100.7876931
10631,BJI,MN,Bemidji Regional,Bemidji,10k-100k,yes,N,loss,-11.9,at least -10%,964,915,971,849,-122,less,739,76.65975104,730,85.98351001,47.471573,-94.8826861
10643,BKG,MO,Branson Airport,Branson,10k-100k,no,N,loss,-78.8,at least -30%,222,62,70,47,-23,less,0,0.0,0,0.0,36.5385446,-93.1990729
10654,BKW,WV,Raleigh County Memorial,Beckley,10k-100k,yes,,gain,7.2,less than 10%,1096,1142,1339,1175,-164,less,1095,99.90875912,1170,99.57446809,37.7381597,-81.2518833
10666,BLI,WA,Bellingham International,Bellingham,100k-1 million,no,N,gain,10.3,at least 10%,3279,1438,2374,3618,1244,more,0,0.0,0,0.0,48.7955792,-122.5330643
10676,BLV,IL,Scott AFB MidAmerica St Louis,Belleville,100k-1 million,no,N,gain,10.3,at least 10%,1010,993,1270,1114,-156,less,0,0.0,0,0.0,38.5476947,-89.815898
10685,BMI,IL,Central Il Regional Airport at Bloomington,Bloomington/Normal,100k-1 million,no,N,loss,-14.4,at least -10%,3004,1889,2620,2571,-49,less,896,29.82689747,731,28.43251653,39.165325,-86.5263857
10693,BNA,TN,Nashville International,Nashville,more than 5 million,no,L,gain,4.2,less than 10%,85202,58223,76248,88787,12539,more,3918,4.598483604,1572,1.770529469,36.126317,-86.6773713
10713,BOI,ID,Boise Air Terminal,Boise,1-5 million,no,M,gain,1.5,less than 10%,25687,18804,25010,26065,1055,more,1724,6.711566162,1148,4.404373681,43.5658231,-116.222316
10721,BOS,MA,Logan International,Boston,more than 5 million,no,L,loss,-11.6,at least -10%,168616,83787,106229,149074,42845,more,1875,1.111994117,1468,0.984745831,42.3660462,-71.015253
10728,BPT,TX,Jack Brooks Regional,Beaumont/Port Arthur,10k-100k,no,N,loss,-18.6,at least -10%,961,646,939,782,-157,less,961,100.0,671,85.8056266,29.955004,-94.01843
10731,BQK,GA,Brunswick Golden Isles,Brunswick,10k-100k,no,N,loss,-15.9,at least -10%,1035,785,1030,870,-160,less,1035,100.0,870,100.0,31.2548331,-81.4669111
10739,BRD,MN,Brainerd Lakes Regional,Brainerd,10k-100k,yes,N,gain,14.0,at least 10%,641,615,639,731,92,more,628,97.97191888,731,100.0,46.3526733,-94.2020084
10747,BRO,TX,Brownsville South Padre Island International,Brownsville,100k-1 million,no,N,loss,-14.0,at least -10%,2664,1765,2373,2292,-81,less,1129,42.37987988,1103,48.12390925,25.947508,-97.505974
10779,BTM,MT,Bert Mooney,Butte,10k-100k,yes,N,loss,-10.6,at least -10%,677,628,690,605,-85,less,674,99.55686854,605,100.0,45.9551935,-112.5021977
10781,BTR,LA,Baton Rouge Metropolitan/Ryan Field,Baton Rouge,100k-1 million,no,N,loss,-28.0,at least -20%,7632,4515,5647,5493,-154,less,2144,28.09224319,1887,34.35281267,30.4514677,-91.1871466
10785,BTV,VT,Burlington International,Burlington,100k-1 million,no,S,loss,-22.3,at least -20%,11734,5546,7142,9115,1973,more,4845,41.2902676,903,9.90674712,44.4706939,-73.1516037
10792,BUF,NY,Buffalo Niagara International,Buffalo,1-5 million,no,S,loss,-27.0,at least -20%,27938,13534,16701,20400,3699,more,4596,16.45071229,1110,5.441176471,42.9397059,-78.7295067
10800,BUR,CA,Bob Hope,Burbank,1-5 million,no,S,gain,0.8,less than 10%,31457,16096,20223,31716,11493,more,1767,5.617191722,784,2.471938454,34.19853,-118.35741
10821,BWI,MD,Baltimore/Washington International Thurgood Marshall,Baltimore,more than 5 million,no,L,loss,-20.8,at least -20%,107760,71127,76375,85362,8987,more,5097,4.729955457,598,0.70054591,39.1775715,-76.6683889
10849,BZN,MT,Bozeman Yellowstone International,Bozeman,100k-1 million,no,S,gain,21.5,at least 20%,8359,6929,11659,10154,-1505,less,768,9.187701878,160,1.575733701,45.7784043,-111.1612273
10868,CAE,SC,Columbia Metropolitan,Columbia,100k-1 million,no,S,loss,-26.4,at least -20%,11371,6929,8252,8368,116,more,5039,44.31448421,2792,33.36520076,33.941917,-81.1220015
10874,CAK,OH,Akron-Canton Regional,Akron,100k-1 million,no,N,loss,-49.4,at least -30%,7598,3669,3887,3848,-39,less,4675,61.52934983,1315,34.17359667,40.811935,-81.3685533
10918,CDC,UT,Cedar City Regional,Cedar City,10k-100k,yes,N,loss,-18.4,at least -10%,766,414,627,625,-2,less,748,97.65013055,624,99.84,37.6774769,-113.0618931
10967,CGI,MO,Cape Girardeau Regional,Cape Girardeau,10k-100k,yes,,loss,-33.6,at least -30%,926,567,598,615,17,more,926,100.0,615,100.0,37.226842,-89.5645181
10980,CHA,TN,Lovell Field,Chattanooga,100k-1 million,no,S,loss,-34.5,at least -30%,10184,5578,7060,6668,-392,less,5408,53.10290652,2789,41.82663467,35.0374486,-85.1970112
10990,CHO,VA,Charlottesville Albemarle,Charlottesville,100k-1 million,no,N,loss,-36.0,at least -30%,8819,4426,4867,5644,777,more,7121,80.74611634,3183,56.39617293,38.0293059,-78.4766781
10994,CHS,SC,Charleston AFB/International,Charleston,1-5 million,no,M,loss,-2.2,less than -10%,27095,15345,25169,26505,1336,more,2368,8.739619856,364,1.373325788,32.8909785,-80.0691552
11003,CID,IA,The Eastern Iowa,Cedar Rapids/Iowa City,100k-1 million,no,S,loss,-20.9,at least -20%,10451,6660,8996,8271,-725,less,4805,45.97646158,3227,39.01583847,41.88653,-91.70704
11013,CIU,MI,Chippewa County International,Sault Ste. Marie,10k-100k,yes,N,gain,6.3,less than 10%,667,703,731,709,-22,less,667,100.0,709,100.0,45.0673752,-91.2924666
11027,CKB,WV,North Central West Virginia,Clarksburg/Fairmont,10k-100k,yes,N,gain,14.6,at least 10%,905,775,921,1037,116,more,726,80.22099448,802,77.33847637,38.5976262,-80.4549026
11042,CLE,OH,Cleveland-Hopkins International,Cleveland,1-5 million,no,M,loss,-25.3,at least -20%,51455,27258,34769,38427,3658,more,10347,20.10883296,775,2.016811096,41.4057985,-81.8538669
11049,CLL,TX,Easterwood Field,College Station/Bryan,10k-100k,no,N,loss,-41.5,at least -30%,2248,1409,2030,1314,-716,less,1838,81.76156584,576,43.83561644,30.627977,-96.3344068
11057,CLT,NC,Charlotte Douglas International,Charlotte,more than 5 million,no,L,loss,-16.5,at least -10%,253084,176723,224392,211216,-13176,less,32298,12.7617708,24050,11.386448,35.2162991,-80.9539475
11066,CMH,OH,John Glenn Columbus International,Columbus,1-5 million,no,M,loss,-21.4,at least -20%,49448,26730,32352,38874,6522,more,5407,10.9347193,821,2.111951433,39.9999399,-82.8871767
11067,CMI,IL,University of Illinois/Willard,Champaign/Urbana,100k-1 million,no,N,loss,-46.9,at least -30%,2810,1501,1724,1491,-233,less,2785,99.11032028,1423,95.43930248,40.0364962,-88.2639879
11076,CMX,MI,Houghton County Memorial,Hancock/Houghton,10k-100k,yes,N,loss,-6.7,less than -10%,685,676,711,639,-72,less,682,99.5620438,637,99.68701095,47.0499507,-88.6148185
11092,CNY,UT,Canyonlands Regional,Moab,10k-100k,yes,N,gain,7.8,less than 10%,592,621,710,638,-72,less,592,100.0,638,100.0,38.2135733,-109.9025345
11097,COD,WY,Yellowstone Regional,Cody,10k-100k,yes,N,loss,-12.1,at least -10%,1084,696,1038,953,-85,less,1065,98.24723247,950,99.68520462,44.5170669,-109.0227432
11109,COS,CO,City of Colorado Springs Municipal,Colorado Springs,100k-1 million,no,S,gain,9.3,less than 10%,11163,6614,12072,12203,131,more,5131,45.9643465,2475,20.28189789,38.8338816,-104.8213634
11111,COU,MO,Columbia Regional,Columbia,100k-1 million,no,N,loss,-47.7,at least -30%,3084,1724,1784,1612,-172,less,1583,51.32944228,506,31.38957816,38.81752,-92.22156
11122,CPR,WY,Casper/Natrona County International,Casper,10k-100k,no,N,loss,-23.6,at least -20%,2311,1601,2002,1766,-236,less,1806,78.14798788,1443,81.71007928,42.848709,-106.2980824
11140,CRP,TX,Corpus Christi International,Corpus Christi,100k-1 million,no,N,loss,-11.7,at least -10%,5786,3779,4870,5107,237,more,1644,28.41341168,2141,41.92285099,27.8005828,-97.396381
11146,CRW,WV,West Virginia International Yeager,Charleston/Dunbar,100k-1 million,no,N,loss,-36.8,at least -30%,5143,2968,3392,3251,-141,less,4069,79.11724674,1402,43.12519225,38.3714489,-81.5934922
11150,CSG,GA,Columbus Airport,Columbus,10k-100k,no,N,gain,58.2,at least 30%,1293,943,1459,2046,587,more,1274,98.53054911,1387,67.79081134,39.9611755,-82.9987942
11193,CVG,KY,Cincinnati/Northern Kentucky International,Cincinnati,1-5 million,no,M,loss,-26.3,at least -20%,51086,27356,34987,37659,2672,more,10410,20.37740281,1803,4.787700151,39.051351,-84.6671453
11197,CVN,NM,Clovis Regional,Clovis,less than 10k,yes,,loss,-35.3,at least -30%,964,737,618,624,6,more,0,0.0,443,70.99358974,34.48336,-103.09665
11203,CWA,WI,Central Wisconsin,Mosinee,100k-1 million,no,N,loss,-47.8,at least -30%,3443,2062,2804,1798,-1006,less,3413,99.12866686,1794,99.77753059,44.523165,-89.5831373
11233,CYS,WY,Cheyenne Regional/Jerry Olson Field,Cheyenne,10k-100k,no,,gain,15.2,at least 10%,566,148,205,652,447,more,484,85.51236749,637,97.6993865,41.1529786,-104.8106149
11252,DAB,FL,Daytona Beach International,Daytona Beach,100k-1 million,no,N,loss,-19.3,at least -10%,3408,2547,3302,2749,-553,less,1,0.029342723,1,0.036376864,29.2108147,-81.0228331
11259,DAL,TX,Dallas Love Field,Dallas,more than 5 million,no,M,loss,-11.6,at least -10%,72512,48999,56938,64115,7177,more,1,0.001379082,0,0.0,32.85203,-96.8587106
11267,DAY,OH,James M Cox/Dayton International,Dayton,100k-1 million,no,S,loss,-40.3,at least -30%,16404,8601,10789,9799,-990,less,7467,45.51938552,3575,36.48331462,39.7589478,-84.1916069
11274,DBQ,IA,Dubuque Regional,Dubuque,10k-100k,no,N,loss,-55.2,at least -30%,985,453,562,441,-121,less,985,100.0,441,100.0,42.4015826,-90.7094375
11278,DCA,VA,Ronald Reagan Washington National,Washington,more than 5 million,no,L,gain,1.2,less than 10%,139960,63918,83542,141620,58078,more,22679,16.2039154,1,0.000706115,38.851242,-77.0402315
11288,DEC,IL,Decatur Airport,Decatur,less than 10k,yes,,loss,-45.4,at least -30%,1842,794,599,1005,406,more,0,0.0,1005,100.0,39.8331255,-88.8773767
11292,DEN,CO,Denver International,Denver,more than 5 million,no,L,loss,-3.8,less than -10%,288617,199642,267640,277694,10054,more,57367,19.87651455,39491,14.22104907,39.8596325,-104.6761388
11298,DFW,TX,Dallas/Fort Worth International,Dallas/Fort Worth,more than 5 million,no,L,loss,-9.8,less than -10%,302386,218379,275116,272740,-2376,less,32428,10.72404146,21377,7.837867566,32.8998091,-97.0403352
11308,DHN,AL,Dothan Regional,Dothan,10k-100k,no,N,loss,-32.5,at least -30%,1382,879,1062,933,-129,less,1382,100.0,883,94.64094319,31.2232313,-85.3904888
11315,DIK,ND,Dickinson - Theodore Roosevelt Regional,Dickinson,10k-100k,yes,N,loss,-6.4,less than -10%,613,441,532,574,42,more,613,100.0,574,100.0,46.8016664,-102.7928843
11337,DLH,MN,Duluth International,Duluth,100k-1 million,no,N,loss,-29.7,at least -20%,3274,1965,2458,2301,-157,less,2368,72.32742822,1340,58.23554976,46.8383667,-92.1800442
11413,DRO,CO,Durango La Plata County,Durango,100k-1 million,no,N,loss,-15.4,at least -10%,4225,2725,4370,3573,-797,less,1495,35.38461538,1187,33.22138259,37.27528,-107.8800667
11415,DRT,TX,Del Rio International,Del Rio,10k-100k,no,N,loss,-4.3,less than -10%,714,422,642,683,41,more,714,100.0,268,39.238653,29.3708857,-100.8958674
11423,DSM,IA,Des Moines International,Des Moines,1-5 million,no,S,loss,-19.7,at least -10%,18251,11798,14349,14656,307,more,2618,14.34441948,973,6.638919214,41.5868353,-93.6249593
11433,DTW,MI,Detroit Metro Wayne County,Detroit,more than 5 million,no,L,loss,-28.6,at least -20%,175364,107378,129516,125239,-4277,less,27421,15.63661869,12162,9.711032506,42.2132203,-83.3524824
11447,DVL,ND,Devils Lake Regional,Devils Lake,less than 10k,yes,,gain,4.0,less than 10%,598,573,633,622,-11,less,598,100.0,622,100.0,48.10919,-98.90391
11468,EAR,NE,Kearney Regional,Kearney,10k-100k,yes,N,gain,5.0,less than 10%,655,708,941,688,-253,less,654,99.84732824,687,99.85465116,40.6819259,-99.1127073
11470,EAT,WA,Pangborn Memorial,Wenatchee,10k-100k,no,N,loss,-48.7,at least -30%,1143,699,794,586,-208,less,0,0.0,0,0.0,47.4045104,-120.2102355
11471,EAU,WI,Chippewa Valley Regional,Eau Claire,10k-100k,yes,N,loss,-29.2,at least -20%,698,684,712,494,-218,less,697,99.85673352,478,96.7611336,44.8609,-91.48157
11481,ECP,FL,Northwest Florida Beaches International,Panama City,100k-1 million,no,S,gain,11.9,at least 10%,6565,6595,9915,7349,-2566,less,685,10.43412034,747,10.16464825,27.6648274,-81.5157535
11503,EGE,CO,Eagle County Regional,Eagle,100k-1 million,no,N,gain,22.9,at least 20%,2291,1883,2848,2816,-32,less,0,0.0,0,0.0,39.576406,-106.7234639
11525,EKO,NV,Elko Regional,Elko,10k-100k,no,N,loss,-46.3,at least -30%,672,544,671,361,-310,less,672,100.0,361,100.0,40.8324211,-115.7631232
11537,ELM,NY,Elmira/Corning Regional,Elmira/Corning,100k-1 million,no,N,loss,-63.3,at least -30%,2726,1181,1062,1001,-61,less,720,26.41232575,5,0.4995005,42.1607611,-76.8926216
11540,ELP,TX,El Paso International,El Paso,1-5 million,no,S,loss,-8.4,less than -10%,19490,10716,14265,17845,3580,more,1842,9.451000513,1126,6.309890726,31.8108956,-106.3640398
11577,ERI,PA,Erie International/Tom Ridge Field,Erie,100k-1 million,no,N,loss,-45.4,at least -30%,2539,1470,1546,1386,-160,less,2533,99.76368649,1239,89.39393939,42.0851397,-80.17134
11587,ESC,MI,Delta County,Escanaba,10k-100k,yes,N,gain,14.5,at least 10%,605,577,675,693,18,more,605,100.0,693,100.0,38.8531357,-107.763621
11603,EUG,OR,Mahlon Sweet Field,Eugene,100k-1 million,no,S,gain,5.5,less than 10%,8802,6295,8674,9285,611,more,1157,13.14473983,657,7.075928918,44.1217811,-123.2159003
11612,EVV,IN,Evansville Regional,Evansville,100k-1 million,no,N,loss,-51.7,at least -30%,5434,3568,3929,2627,-1302,less,4235,77.93522267,1129,42.9767796,38.0433641,-87.5271754
11617,EWN,NC,Coastal Carolina Regional,New Bern/Morehead/Beaufort,100k-1 million,no,N,loss,-51.1,at least -30%,2524,1471,1474,1235,-239,less,1420,56.25990491,297,24.048583,35.073541,-77.041255
11618,EWR,NJ,Newark Liberty International,Newark,more than 5 million,no,L,loss,-9.0,less than -10%,154377,73283,99639,140548,40909,more,32639,21.14239816,15,0.01067251,40.6895314,-74.1744624
11624,EYW,FL,Key West International,Key West,100k-1 million,no,S,gain,10.7,at least 10%,8418,6626,11641,9319,-2322,less,13,0.154430981,0,0.0,24.5550593,-81.7799871
11637,FAR,ND,Hector International,Fargo,100k-1 million,no,S,loss,-16.6,at least -10%,7413,4989,6436,6181,-255,less,3552,47.91582355,2029,32.82640349,46.9218308,-96.8167025
11638,FAT,CA,Fresno Yosemite International,Fresno,100k-1 million,no,S,loss,-16.1,at least -10%,12713,8022,11894,10663,-1231,less,3749,29.48949894,2246,21.06349057,36.7782273,-119.7165417
11641,FAY,NC,Fayetteville Regional/Grannis Field,Fayetteville,100k-1 million,no,N,loss,-29.4,at least -20%,4077,2782,3396,2877,-519,less,2313,56.73289183,1153,40.07646854,34.9910665,-78.887089
11648,FCA,MT,Glacier Park International,Kalispell,100k-1 million,no,S,loss,-6.4,less than -10%,4727,4170,5706,4426,-1280,less,921,19.48381637,206,4.654315409,48.3076648,-114.2525337
11695,FLG,AZ,Flagstaff Pulliam,Flagstaff,100k-1 million,no,N,loss,-19.5,at least -10%,2482,1815,2883,1998,-885,less,538,21.67606769,170,8.508508509,35.1402957,-111.6710476
11697,FLL,FL,Fort Lauderdale-Hollywood International,Fort Lauderdale,more than 5 million,no,L,loss,-16.4,at least -10%,100867,62377,88122,84328,-3794,less,4,0.003965618,0,0.0,26.0742344,-80.1506022
11699,FLO,SC,Florence Regional,Florence,10k-100k,no,N,loss,-36.1,at least -30%,1223,609,726,781,55,more,1207,98.69174162,668,85.53137004,34.19336,-79.72826
11719,FNL,CO,Northern Colorado Regional,Fort Collins/Loveland,less than 10k,no,,gain,,other,0,0,30,96,66,more,0,0.0,1,1.041666667,40.4498417,-105.0053875
11721,FNT,MI,Bishop International,Flint,100k-1 million,no,N,loss,-25.1,at least -20%,4291,3170,3383,3216,-167,less,2030,47.30831974,1351,42.00870647,42.97397,-83.73952
11762,FRD,WA,Friday Harbor Airport,Friday Harbor,10k-100k,no,N,loss,-1.9,less than -10%,2299,1033,1982,2256,274,more,0,0.0,0,0.0,48.5248261,-123.0261848
11775,FSD,SD,Joe Foss Field,Sioux Falls,100k-1 million,no,S,loss,-10.9,at least -10%,8463,5971,8252,7544,-708,less,4075,48.15077396,2055,27.24019088,43.5828065,-96.7402171
11778,FSM,AR,Fort Smith Regional,Fort Smith,10k-100k,no,N,loss,-35.1,at least -30%,2134,1199,1298,1384,86,more,1148,53.79568885,595,42.99132948,35.33771,-94.3656
11823,FWA,IN,Fort Wayne International,Fort Wayne,100k-1 million,no,S,loss,-23.6,at least -20%,7654,5419,6067,5847,-220,less,4820,62.97360857,3189,54.54079015,41.079273,-85.1393513
11865,GCC,WY,Northeast Wyoming Regional,Gillette,10k-100k,no,N,loss,-18.3,at least -10%,756,558,739,618,-121,less,753,99.6031746,616,99.6763754,43.0759678,-107.2902839
11867,GCK,KS,Garden City Regional,Garden City,10k-100k,yes,N,gain,1.0,less than 10%,701,624,708,708,0,unchg,699,99.7146933,649,91.66666667,37.93021,-100.71167
11884,GEG,WA,Spokane International,Spokane,1-5 million,no,S,loss,-10.1,at least -10%,22053,16110,19531,19818,287,more,681,3.088015236,133,0.671107074,47.6212063,-117.5333722
11898,GFK,ND,Grand Forks International,Grand Forks,100k-1 million,no,N,loss,-33.2,at least -30%,2098,1205,1271,1401,130,more,1453,69.2564347,594,42.39828694,47.9252568,-97.0328547
11905,GGG,TX,East Texas Regional,Longview,10k-100k,no,N,loss,-18.0,at least -10%,941,649,898,772,-126,less,921,97.87460149,703,91.06217617,31.9685988,-99.9018131
11921,GJT,CO,Grand Junction Regional,Grand Junction,100k-1 million,no,N,loss,-25.1,at least -20%,5221,3659,5255,3908,-1347,less,2120,40.60524804,850,21.75025589,39.0638705,-108.5506486
11953,GNV,FL,Gainesville Regional,Gainesville,100k-1 million,no,N,loss,-28.9,at least -20%,5160,3147,3745,3670,-75,less,2963,57.42248062,146,3.978201635,29.6865485,-82.276659
11973,GPT,MS,Gulfport-Biloxi International,Gulfport/Biloxi,100k-1 million,no,N,loss,-18.3,at least -10%,4572,3411,4045,3734,-311,less,1179,25.78740157,1189,31.84252812,30.3674198,-89.0928155
11977,GRB,WI,Green Bay Austin Straubel International,Green Bay,100k-1 million,no,N,loss,-22.2,at least -20%,6225,4024,5211,4845,-366,less,2743,44.06425703,2162,44.62332301,44.4923396,-88.1277541
11980,GRI,NE,Central Nebraska Regional,Grand Island,10k-100k,yes,N,loss,-17.3,at least -10%,1116,796,921,923,2,more,726,65.05376344,440,47.67063922,40.9693717,-98.3185653
11982,GRK,TX,Robert Gray AAF,Killeen,100k-1 million,no,N,loss,-38.9,at least -30%,3369,2179,2988,2060,-928,less,1924,57.1089344,595,28.88349515,31.07389,-97.83564
11986,GRR,MI,Gerald R. Ford International,Grand Rapids,1-5 million,no,S,loss,-22.9,at least -20%,21422,13269,17379,16526,-853,less,4400,20.53963215,1458,8.822461576,42.8825286,-85.524287
11995,GSO,NC,Piedmont Triad International,Greensboro/High Point,1-5 million,no,S,loss,-34.2,at least -30%,18342,9110,11196,12066,870,more,8606,46.91963799,2520,20.88513178,36.1043671,-79.9351805
11996,GSP,SC,Greenville-Spartanburg International,Greer,1-5 million,no,S,loss,-22.1,at least -20%,17916,10558,13594,13953,359,more,4474,24.97209198,1316,9.431663442,34.8959008,-82.2172338
12003,GTF,MT,Great Falls International,Great Falls,100k-1 million,no,N,loss,-27.0,at least -20%,3141,2335,3053,2294,-759,less,1878,59.78987584,934,40.71490846,47.5052849,-111.3007715
12007,GTR,MS,Golden Triangle Regional,Columbus,10k-100k,no,N,loss,-14.3,at least -10%,1188,891,995,1018,23,more,1188,100.0,1015,99.70530452,33.4515977,-88.5875147
12012,GUC,CO,Gunnison-Crested Butte Regional,Gunnison,10k-100k,no,N,gain,24.7,at least 20%,787,670,903,981,78,more,531,67.47141042,0,0.0,38.8697146,-106.9878231
12094,HDN,CO,Yampa Valley,Hayden,100k-1 million,no,N,gain,42.4,at least 30%,1731,1550,2463,2465,2,more,854,49.33564414,15,0.60851927,40.4847488,-107.2197265
12119,HGR,MD,Hagerstown Regional-Richard A. Henson Field,Hagerstown,10k-100k,no,N,loss,-81.8,at least -30%,1159,164,178,211,33,more,0,0.0,0,0.0,39.6417629,-77.7199932
12124,HHH,SC,Hilton Head Airport,Hilton Head,100k-1 million,no,N,gain,0.1,less than 10%,2182,1957,4053,2184,-1869,less,0,0.0,0,0.0,32.2248476,-80.6971648
12129,HIB,MN,Range Regional,Hibbing,10k-100k,yes,N,gain,2.1,less than 10%,627,586,632,640,8,more,627,100.0,638,99.6875,47.39257,-92.84258
12156,HLN,MT,Helena Regional,Helena,100k-1 million,no,N,loss,-35.3,at least -30%,2436,1580,1712,1576,-136,less,1357,55.70607553,473,30.01269036,46.60978,-111.99023
12177,HOB,NM,Lea County Regional,Hobbs,10k-100k,no,N,loss,-23.1,at least -20%,740,385,417,569,152,more,740,100.0,569,100.0,32.8968816,-103.3587288
12191,HOU,TX,William P Hobby,Houston,more than 5 million,no,M,loss,-15.4,at least -10%,58673,39468,47183,49666,2483,more,324,0.552213113,28,0.056376596,29.64782,-95.27694
12197,HPN,NY,Westchester County,White Plains,100k-1 million,no,S,gain,1.5,less than 10%,14247,5295,8814,14454,5640,more,2802,19.66729838,1010,6.98768507,41.1220194,-73.7948516
12206,HRL,TX,Valley International,Harlingen/San Benito,100k-1 million,no,S,gain,4.4,less than 10%,4499,3049,3920,4695,775,more,1503,33.40742387,996,21.21405751,26.22376,-97.66235
12217,HSV,AL,Huntsville International-Carl T Jones Field,Huntsville,100k-1 million,no,S,loss,-19.7,at least -10%,11460,6791,8777,9207,430,more,2825,24.65095986,1950,21.17953731,34.6376902,-86.7768273
12223,HTS,WV,Tri-State/Milton J. Ferguson Field,Ashland,100k-1 million,no,N,loss,-28.5,at least -20%,1564,1002,1300,1119,-181,less,1052,67.26342711,711,63.53887399,38.3695,-82.55575
12244,HVN,CT,Tweed New Haven,New Haven,10k-100k,no,N,gain,166.5,at least 30%,1071,352,382,2854,2472,more,343,32.02614379,0,0.0,41.2634247,-72.8863876
12250,HYA,MA,Cape Cod Gateway,Hyannis,10k-100k,no,N,loss,-53.3,at least -30%,5937,3688,4574,2774,-1800,less,0,0.0,0,0.0,41.6673379,-70.2847445
12255,HYS,KS,Hays Regional,Hays,10k-100k,yes,N,loss,-43.1,at least -30%,1199,813,612,682,70,more,1199,100.0,682,100.0,38.85406,-99.27376
12264,IAD,VA,Washington Dulles International,Washington,more than 5 million,no,L,loss,-18.1,at least -10%,92585,54249,77576,75817,-1759,less,27779,30.00378031,14321,18.88890354,38.9522765,-77.457881
12265,IAG,NY,Niagara Falls International,Niagara Falls,100k-1 million,no,N,loss,-53.6,at least -30%,836,482,378,388,10,more,0,0.0,0,0.0,43.1085782,-78.9471144
12266,IAH,TX,George Bush Intercontinental/Houston,Houston,more than 5 million,no,L,loss,-17.4,at least -10%,178839,101074,150876,147799,-3077,less,36306,20.30094107,28256,19.11785601,29.9902199,-95.3367827
12278,ICT,KS,Wichita Dwight D Eisenhower National,Wichita,100k-1 million,no,S,loss,-16.2,at least -10%,11688,7922,9478,9800,322,more,4633,39.63894593,2941,30.01020408,37.6493358,-97.4273206
12280,IDA,ID,Idaho Falls Regional,Idaho Falls,100k-1 million,no,N,gain,60.7,at least 30%,2894,2221,3956,4652,696,more,1751,60.50449205,483,10.38263113,43.4926607,-112.0407584
12323,ILM,NC,Wilmington International,Wilmington,100k-1 million,no,S,loss,-8.6,less than -10%,8902,5521,7544,8137,593,more,4413,49.57312963,1205,14.80889763,34.2670855,-77.9104974
12335,IMT,MI,Ford,Iron Mountain/Kingsfd,10k-100k,yes,N,gain,8.1,less than 10%,664,697,727,718,-9,less,664,100.0,718,100.0,45.81515,-88.11853
12339,IND,IN,Indianapolis International,Indianapolis,1-5 million,no,M,loss,-19.3,at least -10%,51266,29706,37353,41388,4035,more,7057,13.76545859,1284,3.102348507,39.7204576,-86.2937007
12343,INL,MN,Falls International Einarson Field,International Falls,10k-100k,yes,,loss,-13.2,at least -10%,646,582,622,561,-61,less,645,99.84520124,560,99.82174688,48.56654,-93.39765
12365,IPT,PA,Williamsport Regional,Williamsport,10k-100k,no,,loss,-100.0,at least -30%,701,296,205,0,-205,less,701,100.0,0,0.0,41.2411897,-77.0010786
12391,ISP,NY,Long Island MacArthur,Islip,100k-1 million,no,S,loss,-19.2,at least -10%,6345,3382,4898,5128,230,more,866,13.64854216,440,8.580343214,40.7956382,-73.0987574
12397,ITH,NY,Ithaca Tompkins International,Ithaca/Cortland,100k-1 million,no,N,loss,-51.2,at least -30%,2901,1345,1503,1417,-86,less,2893,99.72423302,678,47.84756528,42.4439614,-76.5018807
12441,JAC,WY,Jackson Hole,Jackson,100k-1 million,no,S,loss,-0.8,less than -10%,4743,3849,6395,4703,-1692,less,0,0.0,1,0.021263024,43.612255,-110.7054295
12448,JAN,MS,Jackson Medgar Wiley Evers International,Jackson/Vicksburg,100k-1 million,no,S,gain,2.7,less than 10%,8378,5010,8176,8607,431,more,2555,30.49653855,1310,15.22016963,32.3122283,-90.0764217
12451,JAX,FL,Jacksonville International,Jacksonville,1-5 million,no,M,loss,-17.5,at least -10%,35091,17504,24914,28934,4020,more,3191,9.093499758,341,1.178544273,30.4938673,-81.6906708
12478,JFK,NY,John F. Kennedy International,New York,more than 5 million,no,L,gain,5.2,less than 10%,125900,54047,82201,132508,50307,more,10370,8.23669579,3,0.002264014,40.6433507,-73.7889689
12511,JLN,MO,Joplin Regional,Joplin,10k-100k,no,N,loss,-52.9,at least -30%,1336,834,795,629,-166,less,904,67.66467066,629,100.0,37.0847269,-94.241987
12519,JMS,ND,Jamestown Regional,Jamestown,10k-100k,yes,N,loss,-24.6,at least -20%,932,878,973,703,-270,less,932,100.0,703,100.0,46.92649,-98.6791
12544,USA,NC,Concord Padgett Regional,Concord,100k-1 million,no,N,loss,-39.1,at least -30%,1357,898,1212,826,-386,less,1,0.073691968,0,0.0,35.3804095,-80.7141408
12884,LAN,MI,Capital Region International,Lansing,100k-1 million,no,N,loss,-50.9,at least -30%,3932,2085,2475,1931,-544,less,3459,87.97049847,1573,81.46038322,42.77529,-84.59021
12888,LAR,WY,Laramie Regional,Laramie,10k-100k,yes,N,loss,-2.0,less than -10%,598,566,616,586,-30,less,596,99.66555184,584,99.65870307,41.3113669,-105.5911007
12889,LAS,NV,Harry Reid International,Las Vegas,more than 5 million,no,L,gain,3.1,less than 10%,169233,106168,140775,174475,33700,more,727,0.429585246,2,0.001146296,36.0839998,-115.1537389
12891,LAW,OK,Lawton-Fort Sill Regional,Lawton/Fort Sill,10k-100k,no,N,loss,-13.9,at least -10%,1298,754,1135,1118,-17,less,603,46.45608629,777,69.49910555,34.6497113,-98.4226287
12892,LAX,CA,Los Angeles International,Los Angeles,more than 5 million,no,L,loss,-23.3,at least -20%,249333,128656,175173,191194,16021,more,9584,3.843855406,4170,2.181030785,34.0522342,-118.2436849
12896,LBB,TX,Lubbock Preston Smith International,Lubbock,100k-1 million,no,S,loss,-16.8,at least -10%,7405,4790,5818,6164,346,more,1768,23.87575962,1283,20.81440623,33.6565685,-101.8222599
12898,LBE,PA,Arnold Palmer Regional,Latrobe,100k-1 million,no,N,loss,-19.7,at least -10%,1094,671,1011,878,-133,less,0,0.0,0,0.0,40.2723716,-79.4055182
12899,LBF,NE,North Platte Regional Airport Lee Bird Field,North Platte,10k-100k,yes,N,gain,7.0,less than 10%,602,695,626,644,18,more,601,99.83388704,642,99.68944099,41.1326828,-100.6979522
12902,LBL,KS,Liberal Mid-America Regional,Liberal,less than 10k,yes,,loss,-1.3,less than -10%,614,567,599,606,7,more,612,99.6742671,606,100.0,37.0439061,-100.962346
12915,LCH,LA,Lake Charles Regional,Lake Charles,10k-100k,no,N,loss,-11.2,at least -10%,1952,1229,1732,1733,1,more,1949,99.84631148,1298,74.89901904,30.2265949,-93.2173758
12917,LCK,OH,Rickenbacker International,Columbus,100k-1 million,no,N,loss,-6.3,less than -10%,1030,923,1122,965,-157,less,0,0.0,0,0.0,39.8173811,-82.9358462
12932,LEB,NH,Lebanon Municipal,Lebanon-Hanover,10k-100k,yes,,loss,-0.6,less than -10%,2048,2016,2050,2035,-15,less,0,0.0,0,0.0,43.62511,-72.30861
12945,LEX,KY,Blue Grass,Lexington,100k-1 million,no,S,loss,-27.0,at least -20%,12268,7235,8596,8954,358,more,4951,40.35702641,3116,34.80008935,38.03751,-84.60351
12951,LFT,LA,Lafayette Regional Paul Fournet Field,Lafayette,100k-1 million,no,N,loss,-3.5,less than -10%,5104,3408,4762,4923,161,more,2845,55.74059561,2814,57.16026813,30.2240897,-92.0198427
12953,LGA,NY,LaGuardia,New York,more than 5 million,no,L,loss,-2.9,less than -10%,167083,63593,86431,162197,75766,more,19388,11.60381367,7,0.00431574,40.7769271,-73.8739659
12954,LGB,CA,Long Beach Airport,Long Beach,1-5 million,no,S,loss,-4.1,less than -10%,15975,8192,11945,15327,3382,more,0,0.0,0,0.0,33.8161655,-118.1512518
12992,LIT,AR,Bill and Hillary Clinton Nat Adams Field,Little Rock,1-5 million,no,S,loss,-18.8,at least -10%,15137,8856,11727,12287,560,more,3441,22.73237762,2726,22.1860503,34.7307049,-92.2216531
13002,LKE,WA,Lake Union Terminal,Seattle,10k-100k,no,,loss,-28.8,at least -20%,3652,1286,2400,2600,200,more,0,0.0,0,0.0,47.63065,-122.33965
13029,LNK,NE,Lincoln Airport,Lincoln,100k-1 million,no,N,loss,-41.9,at least -30%,3678,1786,2303,2138,-165,less,3182,86.51441001,1937,90.59869036,40.8485424,-96.7603024
13061,LRD,TX,Laredo International,Laredo,10k-100k,no,N,loss,-19.8,at least -10%,2643,1547,2199,2120,-79,less,1817,68.74763526,1253,59.10377358,27.5035613,-99.5075519
13076,LSE,WI,La Crosse Regional,La Crosse,10k-100k,no,N,loss,-35.0,at least -30%,2151,1485,2100,1398,-702,less,1587,73.77963738,1257,89.91416309,43.8137751,-91.2519017
13121,LWB,WV,Greenbrier Valley,Lewisburg,10k-100k,yes,N,loss,-4.1,less than -10%,636,554,656,610,-46,less,636,100.0,610,100.0,38.0198478,-80.543845
13127,LWS,ID,Lewiston Nez Perce County,Lewiston,10k-100k,no,N,gain,3.4,less than 10%,993,694,1008,1027,19,more,982,98.89224572,928,90.36027264,46.4004089,-117.0011889
13139,LYH,VA,Lynchburg Regional/Preston Glenn Field,Lynchburg,10k-100k,no,N,loss,-18.3,at least -10%,2146,1289,1728,1753,25,more,1269,59.1332712,1543,88.02053622,37.3254785,-79.2014774
13158,MAF,TX,Midland International Air and Space Port,Midland/Odessa,100k-1 million,no,S,loss,-10.4,at least -10%,9775,6156,7731,8762,1031,more,748,7.652173913,679,7.749372289,31.9417386,-102.2047497
13184,MBS,MI,MBS International,Saginaw/Bay City/Midland,100k-1 million,no,N,loss,-44.8,at least -30%,2935,1747,1770,1621,-149,less,2022,68.89267462,1487,91.73349784,43.5386272,-84.0821024
13198,MCI,MO,Kansas City International,Kansas City,more than 5 million,no,M,loss,-20.5,at least -20%,55040,30786,37446,43743,6297,more,761,1.382630814,34,0.077726722,39.3013676,-94.7104539
13203,MCN,GA,Middle Georgia Regional,Macon,10k-100k,yes,N,loss,-19.0,at least -10%,743,626,654,602,-52,less,650,87.48317631,593,98.50498339,32.1574351,-82.907123
13204,MCO,FL,Orlando International,Orlando,more than 5 million,no,L,gain,0.9,less than 10%,144337,92723,133612,145614,12002,more,9,0.006235407,0,0.0,28.4311443,-81.3079041
13230,MDT,PA,Harrisburg International,Harrisburg,100k-1 million,no,S,loss,-25.7,at least -20%,11375,7177,8940,8455,-485,less,5551,48.8,3233,38.23772915,40.1942375,-76.7576672
13232,MDW,IL,Chicago Midway International,Chicago,more than 5 million,no,L,loss,-8.2,less than -10%,81023,54809,62893,74349,11456,more,21,0.025918566,3,0.004035024,41.786477,-87.7508356
13241,MEI,MS,Key Field,Meridian,10k-100k,yes,N,loss,-17.4,at least -10%,952,611,602,786,184,more,935,98.21428571,785,99.87277354,32.333547,-88.7451526
13244,MEM,TN,Memphis International,Memphis,1-5 million,no,M,loss,-23.2,at least -20%,28364,16336,20716,21787,1071,more,4253,14.99435905,757,3.474549043,35.0471162,-89.9814413
13256,MFE,TX,McAllen Miller International,Mission/McAllen/Edinburg,100k-1 million,no,S,loss,-19.6,at least -10%,5465,3272,4731,4393,-338,less,1074,19.65233303,715,16.27589347,26.1770587,-98.2391389
13264,MFR,OR,Rogue Valley International - Medford,Medford,100k-1 million,no,S,loss,-13.0,at least -10%,8931,6147,8050,7772,-278,less,1949,21.82286418,872,11.21976325,42.3684768,-122.8740386
13277,MGM,AL,Montgomery Regional,Montgomery,100k-1 million,no,N,loss,-29.7,at least -20%,4679,2856,3609,3289,-320,less,4153,88.75828168,2216,67.37610216,32.3792233,-86.3077368
13290,MHK,KS,Manhattan Regional,Manhattan/Ft. Riley,10k-100k,no,N,loss,-12.3,at least -10%,1931,900,1421,1694,273,more,1156,59.86535474,828,48.87839433,40.7830603,-73.9712488
13296,MHT,NH,Manchester Boston Regional,Manchester,100k-1 million,no,S,loss,-32.1,at least -30%,10869,5803,6263,7378,1115,more,2270,20.88508602,724,9.812957441,42.929687,-71.4352177
13303,MIA,FL,Miami International,Miami,more than 5 million,no,L,gain,17.9,at least 10%,88522,54027,91082,104355,13273,more,12012,13.56950814,0,0.0,25.7951459,-80.2795092
13342,MKE,WI,General Mitchell International,Milwaukee,1-5 million,no,M,loss,-23.4,at least -20%,34769,20446,25461,26621,1160,more,5490,15.78992781,2517,9.454941587,42.9438438,-87.9008518
13344,MKG,MI,Muskegon County,Muskegon,10k-100k,yes,N,gain,8.3,less than 10%,696,602,705,754,49,more,683,98.13218391,443,58.75331565,43.18949,-86.23829
13360,MLB,FL,Melbourne Orlando International,Melbourne,100k-1 million,no,N,loss,-7.3,less than -10%,2670,1978,2630,2476,-154,less,23,0.861423221,5,0.201938611,28.1012659,-80.645078
13367,MLI,IL,Quad Cities International,Moline,100k-1 million,no,N,loss,-33.4,at least -30%,6587,3705,4336,4385,49,more,4212,63.94413238,2226,50.76396807,41.4496341,-90.5082706
13377,MLU,LA,Monroe Regional,Monroe,100k-1 million,no,N,loss,-31.7,at least -30%,2911,2049,2434,1989,-445,less,2357,80.96873926,1320,66.36500754,32.51035,-92.04361
13388,MMH,CA,Mammoth Lakes Airport,Mammoth Lakes,10k-100k,no,,loss,-17.0,at least -10%,452,201,32,375,343,more,0,0.0,0,0.0,37.6272621,-118.8418045
13422,MOB,AL,Mobile Regional,Mobile,100k-1 million,no,N,loss,-30.1,at least -30%,6717,4361,5184,4696,-488,less,4768,70.98407027,2347,49.97870528,30.6924859,-88.2455489
13433,MOT,ND,Minot International,Minot,100k-1 million,no,N,loss,-22.3,at least -20%,2866,2172,2763,2228,-535,less,1932,67.41102582,882,39.58707361,48.2556712,-101.2882265
13459,MQT,MI,Sawyer International,Marquette,10k-100k,no,N,loss,-23.0,at least -20%,1378,1073,1456,1061,-395,less,1016,73.73004354,1031,97.17247879,46.3497439,-87.3873273
13476,MRY,CA,Monterey Regional,Monterey,100k-1 million,no,N,loss,-13.7,at least -10%,4758,2496,3613,4108,495,more,2232,46.91046658,1351,32.88704966,36.5871457,-121.8462322
13485,MSN,WI,Dane County Regional-Truax Field,Madison,1-5 million,no,S,loss,-26.7,at least -20%,16039,9085,10908,11758,850,more,3208,20.00124696,1594,13.55672733,43.1388867,-89.336925
13486,MSO,MT,Missoula Montana,Missoula,100k-1 million,no,S,loss,-19.2,at least -10%,5838,4321,5977,4716,-1261,less,1012,17.33470367,145,3.074639525,46.8721284,-113.9940314
13487,MSP,MN,Minneapolis-St Paul International,Minneapolis,more than 5 million,no,L,loss,-25.1,at least -20%,171588,103368,130128,128527,-1601,less,24063,14.02370795,12401,9.648556334,44.9374831,-93.2009998
13495,MSY,LA,Louis Armstrong New Orleans International,New Orleans,more than 5 million,no,M,loss,-16.5,at least -10%,57575,30390,36557,48052,11495,more,27,0.046895354,11,0.022891867,29.9510658,-90.0715323
13502,MTJ,CO,Montrose Regional,Montrose/Delta,100k-1 million,no,N,loss,-0.1,less than -10%,2987,2089,3058,2983,-75,less,939,31.43622364,54,1.810258129,38.4783198,-107.8761738
13541,MVY,MA,Martha's Vineyard Airport,Martha's Vineyard,10k-100k,no,N,loss,-0.8,less than -10%,4403,2560,4652,4367,-285,less,56,1.271860095,0,0.0,41.3892707,-70.6122055
13543,MWA,IL,Veterans Airport of Southern Illinois,Marion/Herrin,10k-100k,yes,N,loss,-7.2,less than -10%,1849,1904,1852,1716,-136,less,0,0.0,0,0.0,37.7471237,-89.011177
13577,MYR,SC,Myrtle Beach International,Myrtle Beach,1-5 million,no,S,gain,38.5,at least 30%,11932,7782,16729,16521,-208,less,314,2.631578947,165,0.998728891,33.6890603,-78.8866943
16218,YUM,AZ,Yuma MCAS/Yuma International,Yuma,10k-100k,no,N,loss,-14.5,at least -10%,1932,1322,1965,1651,-314,less,13,0.672877847,0,0.0,32.6685512,-114.5991383
13795,OAJ,NC,Albert J Ellis,Jacksonville/Camp Lejeune,100k-1 million,no,N,loss,-29.6,at least -20%,3381,2545,3144,2379,-765,less,1397,41.31913635,903,37.95712484,34.8290359,-77.6069458
13796,OAK,CA,Metro Oakland International,Oakland,more than 5 million,no,M,loss,-13.4,at least -10%,54425,29785,35222,47125,11903,more,1014,1.863114378,385,0.816976127,37.7122634,-122.2137347
13829,OGD,UT,Ogden-Hinckley,Ogden,10k-100k,no,N,loss,-13.9,at least -10%,108,87,250,93,-157,less,1,0.925925926,1,1.075268817,41.1934018,-112.0088619
13832,OGS,NY,Ogdensburg International,Ogdensburg,10k-100k,yes,N,loss,-36.7,at least -30%,833,610,611,527,-84,less,397,47.65906363,527,100.0,44.6820927,-75.4768298
13851,OKC,OK,Will Rogers World,Oklahoma City,1-5 million,no,S,loss,-18.7,at least -10%,25834,15885,19826,20994,1168,more,1962,7.594642719,1958,9.326474231,35.3954661,-97.5962409
13871,OMA,NE,Eppley Airfield,Omaha,1-5 million,no,M,loss,-20.6,at least -20%,27104,16562,20897,21511,614,more,1444,5.327626919,379,1.761889266,41.3014753,-95.8945207
13891,ONT,CA,Ontario International,Ontario,1-5 million,no,M,gain,1.4,less than 10%,23030,15516,20054,23354,3300,more,1285,5.57967868,752,3.220005138,34.0559976,-117.5980922
13930,ORD,IL,Chicago O'Hare International,Chicago,more than 5 million,no,L,loss,-25.7,at least -20%,392793,215965,285802,291702,5900,more,122896,31.28772661,67913,23.28163674,41.9802412,-87.9089846
13931,ORF,VA,Norfolk International,Norfolk,1-5 million,no,M,loss,-13.3,at least -10%,26628,14304,19318,23076,3758,more,8703,32.68364128,738,3.198127925,36.8958222,-76.2000054
13933,ORH,MA,Worcester Regional,Worcester,10k-100k,no,N,loss,-2.9,less than -10%,1666,635,360,1618,1258,more,594,35.6542617,2,0.123609394,42.2680093,-71.876337
13964,OTH,OR,Southwest Oregon Regional,North Bend/Coos Bay,10k-100k,no,N,loss,-8.8,less than -10%,364,294,328,332,4,more,330,90.65934066,93,28.01204819,43.4159682,-124.2454791
13983,OWB,KY,Owensboro Daviess County Regional,Owensboro,10k-100k,yes,N,loss,-6.0,less than -10%,1164,1179,1159,1094,-65,less,0,0.0,0,0.0,37.7719074,-87.1111676
14004,PAE,WA,Snohomish County,Everett,100k-1 million,no,N,loss,-39.0,at least -30%,6929,2727,2131,4229,2098,more,0,0.0,0,0.0,48.0329979,-121.8339472
14006,PAH,KY,Barkley Regional,Paducah,10k-100k,yes,N,loss,-35.8,at least -30%,1239,650,700,796,96,more,1239,100.0,795,99.87437186,37.0612439,-88.7675112
14025,PBG,NY,Plattsburgh International,Plattsburgh,100k-1 million,yes,N,loss,-28.8,at least -20%,1345,966,783,957,174,more,617,45.87360595,538,56.21734587,44.6520597,-73.4679203
14027,PBI,FL,Palm Beach International,West Palm Beach/Palm Beach,1-5 million,no,M,loss,-8.6,less than -10%,26806,15918,21796,24498,2702,more,10,0.037305081,1,0.004081966,26.6857475,-80.0928165
14057,PDX,OR,Portland International,Portland,more than 5 million,no,M,loss,-32.4,at least -30%,88227,49717,56625,59640,3015,more,17,0.019268478,0,0.0,45.5882665,-122.5943981
14081,PGA,AZ,Page Municipal,Page,10k-100k,yes,N,loss,-16.9,at least -10%,704,560,586,585,-1,less,704,100.0,585,100.0,36.9244374,-111.451092
14082,PGD,FL,Punta Gorda Airport,Punta Gorda,100k-1 million,no,S,gain,11.2,at least 10%,5337,5143,5876,5935,59,more,0,0.0,0,0.0,26.9197334,-81.9959802
14092,PGV,NC,Pitt Greenville,Greenville,10k-100k,no,N,loss,-47.0,at least -30%,1484,683,907,786,-121,less,1484,100.0,744,94.65648855,35.612661,-77.3663538
14098,PHF,VA,Newport News/Williamsburg International,Newport News/Williamsburg,100k-1 million,no,N,loss,-56.8,at least -30%,3938,1993,1903,1700,-203,less,1875,47.61300152,1185,69.70588235,37.1302795,-76.5025939
14100,PHL,PA,Philadelphia International,Philadelphia,more than 5 million,no,L,loss,-33.5,at least -30%,153660,85267,102108,102226,118,more,42007,27.33762853,15914,15.56746816,39.8730895,-75.243698
14107,PHX,AZ,Phoenix Sky Harbor International,Phoenix,more than 5 million,no,L,loss,-7.3,less than -10%,179345,119729,161978,166309,4331,more,1694,0.944548217,648,0.389636159,33.435249,-112.010124
14108,PIA,IL,General Downing - Peoria International,Peoria,100k-1 million,no,N,loss,-35.8,at least -30%,5873,3722,3441,3771,330,more,3812,64.90720245,1452,38.5043755,40.6936488,-89.5889864
14109,PIB,MS,Hattiesburg-Laurel Regional,Hattiesburg/Laurel,10k-100k,yes,N,loss,-4.9,less than -10%,694,586,606,660,54,more,664,95.67723343,659,99.84848485,31.468239,-89.335421
14112,PIE,FL,St Pete Clearwater International,St. Petersburg,1-5 million,no,S,loss,-0.5,less than -10%,7697,6302,7485,7661,176,more,0,0.0,0,0.0,27.9065335,-82.6906849
14113,PIH,ID,Pocatello Regional,Pocatello,10k-100k,no,N,loss,-66.7,at least -30%,1101,855,945,367,-578,less,1083,98.36512262,364,99.18256131,42.8621042,-112.4506191
14120,PIR,SD,Pierre Regional,Pierre,10k-100k,yes,N,loss,-2.2,less than -10%,631,584,910,617,-293,less,630,99.84152139,565,91.57212318,44.38325,-100.29729
14122,PIT,PA,Pittsburgh International,Pittsburgh,1-5 million,no,M,loss,-23.9,at least -20%,57617,33878,38192,43820,5628,more,2693,4.673967753,331,0.755362848,40.4928542,-80.2372941
14150,PLN,MI,Pellston Regional Airport of Emmet County,Pellston,10k-100k,yes,N,loss,-30.8,at least -30%,1060,907,898,733,-165,less,1057,99.71698113,720,98.22646658,45.5714903,-84.7861834
14193,PNS,FL,Pensacola International,Pensacola,1-5 million,no,S,loss,-14.4,at least -10%,14173,9929,14916,12139,-2777,less,1890,13.33521485,761,6.269050169,30.4717475,-87.1846624
14231,PQI,ME,Presque Isle International,Presque Isle/Houlton,10k-100k,yes,N,gain,1.9,less than 10%,568,403,536,579,43,more,568,100.0,0,0.0,46.69233,-68.04522
14237,PRC,AZ,Prescott Regional Ernest A Love Field,Prescott,10k-100k,yes,N,loss,-0.1,less than -10%,730,690,971,729,-242,less,728,99.7260274,729,100.0,34.6501415,-112.4282583
14252,PSC,WA,Tri Cities,Pasco/Kennewick/Richland,100k-1 million,no,S,loss,-14.1,at least -10%,6975,4558,5944,5991,47,more,1292,18.52329749,960,16.02403605,46.2349999,-119.2233014
14259,PSM,NH,Portsmouth International at Pease,Portsmouth,10k-100k,no,N,loss,-13.5,at least -10%,422,280,331,365,34,more,0,0.0,0,0.0,43.0880873,-70.8086121
14262,PSP,CA,Palm Springs International,Palm Springs,1-5 million,no,S,gain,17.0,at least 10%,12653,9414,13677,14804,1127,more,2233,17.64798862,995,6.721156444,33.8303194,-116.5070468
14288,PUB,CO,Pueblo Memorial,Pueblo,10k-100k,yes,,loss,-44.2,at least -30%,924,719,656,516,-140,less,907,98.16017316,505,97.86821705,38.2544472,-104.6091409
14303,PUW,WA,Pullman Moscow Regional,Pullman,10k-100k,no,N,gain,5.5,less than 10%,1280,807,947,1351,404,more,0,0.0,0,0.0,46.7297771,-117.1817377
14306,PVC,MA,Provincetown Municipal,Provincetown,10k-100k,no,,loss,-29.5,at least -20%,2116,909,1727,1492,-235,less,0,0.0,0,0.0,42.0760536,-70.2169647
14307,PVD,RI,Rhode Island Tf Green International,Providence,1-5 million,no,S,loss,-14.8,at least -10%,19860,9772,12651,16915,4264,more,2995,15.08056395,864,5.107892403,41.723536,-71.426957
14314,PVU,UT,Provo Municipal,Provo,100k-1 million,no,N,gain,96.8,at least 30%,740,579,896,1456,560,more,2,0.27027027,0,0.0,40.2338438,-111.6585337
14321,PWM,ME,Portland International Jetport,Portland,1-5 million,no,S,loss,-23.1,at least -20%,14792,7971,11618,11380,-238,less,4820,32.58518118,797,7.003514938,43.6464785,-70.3096974
14457,RAP,SD,Rapid City Regional,Rapid City,100k-1 million,no,S,loss,-25.9,at least -20%,6145,4053,5974,4553,-1421,less,3253,52.93734744,559,12.27761915,44.0805434,-103.2310149
14487,RDD,CA,Redding Municipal,Redding,10k-100k,no,N,gain,43.0,at least 30%,1364,652,1321,1951,630,more,1362,99.85337243,1275,65.351102,40.5865396,-122.3916754
14489,RDM,OR,Roberts Field,Bend/Redmond,100k-1 million,no,S,loss,-8.5,less than -10%,8788,6752,8222,8039,-183,less,1434,16.31770596,448,5.572832442,44.253025,-121.1608351
14492,RDU,NC,Raleigh-Durham International,Raleigh/Durham,more than 5 million,no,M,loss,-23.7,at least -20%,69320,32509,43802,52886,9084,more,4754,6.858049625,14,0.026472034,35.880079,-78.7879963
14512,RFD,IL,Chicago/Rockford International,Rockford,100k-1 million,no,N,loss,-1.8,less than -10%,787,701,769,773,4,more,0,0.0,0,0.0,42.2018417,-89.095819
14520,RHI,WI,Rhinelander/Oneida County,Rhinelander,10k-100k,yes,N,loss,-10.7,at least -10%,796,686,925,711,-214,less,786,98.74371859,706,99.29676512,45.6366228,-89.4120753
14524,RIC,VA,Richmond International,Richmond,1-5 million,no,S,loss,-17.1,at least -10%,28816,14418,19514,23900,4386,more,8353,28.98736813,2401,10.0460251,37.5065335,-77.3208224
14534,RIW,WY,Central Wyoming Regional,Riverton/Lander,10k-100k,no,N,loss,-61.7,at least -30%,1020,486,576,391,-185,less,0,0.0,391,100.0,43.0759678,-107.2902839
14543,RKS,WY,Southwest Wyoming Regional,Rock Springs,10k-100k,no,N,loss,-45.5,at least -30%,715,525,573,390,-183,less,713,99.72027972,390,100.0,41.5988254,-109.0718882
14570,RNO,NV,Reno/Tahoe International,Reno,1-5 million,no,M,loss,-14.8,at least -10%,23348,13824,20647,19896,-751,less,1368,5.859174233,1715,8.61982308,39.4995907,-119.7680951
14574,ROA,VA,Roanoke Blacksburg Regional,Roanoke,100k-1 million,no,N,loss,-21.9,at least -20%,7258,4616,5323,5667,344,more,5798,79.88426564,3955,69.79001235,37.3205785,-79.9703762
14576,ROC,NY,Frederick Douglass Grtr Rochester International,Rochester,1-5 million,no,S,loss,-14.7,at least -10%,18369,9263,11537,15667,4130,more,6253,34.04104742,3405,21.73358014,43.1565779,-77.6088465
14588,ROW,NM,Roswell Air Center,Roswell,10k-100k,no,N,loss,-11.5,at least -10%,1406,785,1194,1245,51,more,44,3.129445235,31,2.489959839,33.3024659,-104.525764
14633,RST,MN,Rochester International,Rochester,100k-1 million,no,N,loss,-57.5,at least -30%,4091,2295,2873,1738,-1135,less,2993,73.16059643,1017,58.5155351,43.91087,-92.49038
14635,RSW,FL,Southwest Florida International,Fort Myers,1-5 million,no,M,gain,2.4,less than 10%,35213,28973,41194,36063,-5131,less,27,0.076676228,0,0.0,26.5337051,-81.7553083
14674,SAF,NM,Santa Fe Municipal,Santa Fe,100k-1 million,no,N,loss,-10.5,at least -10%,2802,1538,2075,2507,432,more,1031,36.79514632,690,27.52293578,35.6869752,-105.937799
14679,SAN,CA,San Diego International,San Diego,more than 5 million,no,L,loss,-13.7,at least -10%,98073,53172,63650,84594,20944,more,885,0.902389037,122,0.144218266,32.715738,-117.1610838
14683,SAT,TX,San Antonio International,San Antonio,1-5 million,no,M,loss,-18.6,at least -10%,42359,22500,27999,34468,6469,more,98,0.231355792,13,0.037716143,29.4251905,-98.4945922
14685,SAV,GA,Savannah/Hilton Head International,Savannah,1-5 million,no,S,loss,-0.4,less than -10%,18568,10780,18148,18498,350,more,3070,16.53382163,563,3.043572278,32.1294267,-81.2018521
14689,SBA,CA,Santa Barbara Municipal,Santa Barbara,100k-1 million,no,S,loss,-21.7,at least -20%,9894,5293,7139,7750,611,more,3837,38.78107944,858,11.07096774,34.4271935,-119.8398835
14696,SBN,IN,South Bend International,South Bend,100k-1 million,no,S,loss,-27.6,at least -20%,7709,5129,6133,5585,-548,less,5267,68.32273965,2207,39.51656222,41.6763545,-86.2519898
14698,SBP,CA,San Luis County Regional,San Luis Obispo,100k-1 million,no,N,loss,-10.5,at least -10%,5532,3934,3841,4953,1112,more,2481,44.84815618,1455,29.37613568,35.3102296,-120.4357631
14704,SBY,MD,Salisbury-Ocean City/Wicomico Regional,Salisbury,10k-100k,no,N,loss,-36.4,at least -30%,1905,1372,1576,1212,-364,less,1905,100.0,1212,100.0,38.339115,-75.5075949
14711,SCE,PA,University Park,State College,100k-1 million,no,N,loss,-49.2,at least -30%,4992,2789,3201,2537,-664,less,4943,99.01842949,1842,72.6054395,40.85145,-77.8509
14716,SCK,CA,Stockton Metro,Stockton,100k-1 million,no,N,loss,-42.0,at least -30%,1032,596,644,599,-45,less,273,26.45348837,0,0.0,37.9577016,-121.2907796
14730,SDF,KY,Louisville Muhammad Ali International,Louisville,1-5 million,no,S,loss,-19.9,at least -10%,27957,15437,20903,22381,1478,more,5455,19.51210788,1617,7.224878245,38.1706549,-85.7307673
14747,SEA,WA,Seattle/Tacoma International,Seattle,more than 5 million,no,L,loss,-10.7,at least -10%,191481,128663,166105,170993,4888,more,11,0.005744695,3,0.001754458,47.4484667,-122.3086084
14761,SFB,FL,Orlando Sanford International,Sanford,1-5 million,no,S,loss,-17.8,at least -10%,10755,7550,9452,8836,-616,less,81,0.753138075,0,0.0,28.7759404,-81.234288
14771,SFO,CA,San Francisco International,San Francisco,more than 5 million,no,L,loss,-25.4,at least -20%,173150,87413,98331,129112,30781,more,17171,9.916835114,10409,8.061992689,37.7749295,-122.4194155
14783,SGF,MO,Springfield-Branson National,Springfield,100k-1 million,no,S,loss,-23.5,at least -20%,10933,6922,8411,8363,-48,less,7314,66.89838105,3658,43.74028459,37.24478,-93.39038
14794,SGU,UT,St George Regional,St. George,100k-1 million,no,N,gain,9.8,less than 10%,2600,2653,3832,2855,-977,less,2486,95.61538462,1678,58.77408056,37.0968017,-113.5539707
14802,SHD,VA,Shenandoah Valley Regional,Staunton,10k-100k,yes,N,gain,0.7,less than 10%,696,686,690,701,11,more,696,100.0,701,100.0,38.2638356,-78.897264
14812,SHR,WY,Sheridan County,Sheridan,10k-100k,no,N,loss,-13.0,at least -10%,715,477,712,622,-90,less,0,0.0,621,99.8392283,44.787904,-106.925973
14814,SHV,LA,Shreveport Regional,Shreveport,100k-1 million,no,N,loss,-25.7,at least -20%,7032,4543,5460,5227,-233,less,3510,49.91467577,2714,51.92270901,32.4544911,-93.8286552
14831,SJC,CA,Norman Y. Mineta San Jose International,San Jose,more than 5 million,no,M,loss,-25.1,at least -20%,69815,34133,37717,52300,14583,more,27,0.038673637,8,0.015296367,37.3640908,-121.9289397
14842,SJT,TX,San Angelo Regional/Mathis Field,San Angelo,10k-100k,no,N,loss,-25.2,at least -20%,1855,1202,2042,1387,-655,less,1597,86.0916442,756,54.50612833,31.3572857,-100.5028459
14869,SLC,UT,Salt Lake City International,Salt Lake City,more than 5 million,no,L,loss,-9.9,less than -10%,121186,90073,118871,109164,-9707,less,14323,11.819022,6896,6.317100876,40.7607793,-111.8910474
14877,SLN,KS,Salina Regional,Salina,10k-100k,yes,N,loss,-11.4,at least -10%,916,644,685,812,127,more,916,100.0,812,100.0,38.8332633,-97.6097952
14893,SMF,CA,Sacramento International,Sacramento,more than 5 million,no,M,loss,-8.0,less than -10%,57415,34622,42983,52795,9812,more,1957,3.408516938,946,1.791836348,38.6953222,-121.5896183
14905,SMX,CA,Santa Maria Public/Capt. G. Allan Hancock Field,Santa Maria,10k-100k,no,N,loss,-33.0,at least -30%,194,139,315,130,-185,less,1,0.515463918,0,0.0,34.9423873,-120.4247455
14908,SNA,CA,John Wayne Airport-Orange County,Santa Ana,more than 5 million,no,M,gain,4.6,less than 10%,43977,23891,36211,45978,9767,more,1,0.002273916,0,0.0,33.6778994,-117.8623738
14952,SPI,IL,Abraham Lincoln Capital,Springfield,10k-100k,no,N,loss,-25.0,at least -20%,1746,1145,1419,1310,-109,less,1617,92.61168385,899,68.6259542,39.8442039,-89.6718462
14960,SPS,TX,Sheppard AFB/Wichita Falls Municipal,Wichita Falls,10k-100k,no,N,loss,-11.5,at least -10%,1223,740,1240,1082,-158,less,1207,98.69174162,884,81.70055453,33.9685715,-98.510735
14986,SRQ,FL,Sarasota/Bradenton International,Sarasota/Bradenton,100k-1 million,no,S,gain,75.6,at least 30%,8647,7674,16131,15184,-947,less,75,0.867352839,0,0.0,27.3951191,-82.5538197
15008,STC,MN,St. Cloud Regional,St. Cloud,10k-100k,no,N,loss,-18.0,at least -10%,133,131,137,109,-28,less,2,1.503759398,0,0.0,45.5579451,-94.1632404
15016,STL,MO,St Louis Lambert International,St. Louis,more than 5 million,no,M,loss,-21.9,at least -20%,82886,52938,56306,64739,8433,more,7777,9.382766692,712,1.099800738,38.7499403,-90.374819
15023,STS,CA,Charles M. Schulz - Sonoma County,Santa Rosa,100k-1 million,no,N,gain,14.0,at least 10%,4129,2815,3727,4709,982,more,628,15.20949382,296,6.285835634,38.5779555,-122.9888319
15041,SUN,ID,Friedman Memorial,Sun Valley/Hailey/Ketchum,10k-100k,no,N,gain,14.3,at least 10%,1598,1320,2098,1827,-271,less,0,0.0,0,0.0,43.5065471,-114.3012455
15048,SUX,IA,Sioux Gateway Brig Gen Bud Day Field,Sioux City,10k-100k,no,N,loss,-47.1,at least -30%,1293,718,871,684,-187,less,1287,99.53596288,679,99.26900585,42.4008903,-96.3787307
15070,SWF,NY,New York Stewart International,Newburgh/Poughkeepsie,100k-1 million,no,N,loss,-70.5,at least -30%,2853,950,718,843,125,more,1725,60.46267087,0,0.0,41.4984032,-74.1008627
15074,SWO,OK,Stillwater Regional,Stillwater,10k-100k,no,N,loss,-16.7,at least -10%,846,540,540,705,165,more,841,99.40898345,593,84.11347518,36.1578398,-97.0838743
15096,SYR,NY,Syracuse Hancock International,Syracuse,1-5 million,no,S,loss,-11.7,at least -10%,17298,8451,11917,15282,3365,more,5174,29.91097237,2034,13.30977621,43.1139223,-76.1136982
15177,TEX,CO,Telluride Regional,Telluride,less than 10k,no,,loss,-28.2,at least -20%,889,282,431,638,207,more,0,0.0,0,0.0,37.9374939,-107.8122852
15249,TLH,FL,Tallahassee International,Tallahassee,100k-1 million,no,N,loss,-25.4,at least -20%,7506,4437,5542,5597,55,more,1380,18.38529177,71,1.268536716,30.4382559,-84.2807329
15295,TOL,OH,Eugene F Kranz Toledo Express,Toledo,100k-1 million,no,N,loss,-58.2,at least -30%,2057,1335,1295,860,-435,less,1000,48.61448712,472,54.88372093,41.5857725,-83.8092594
15304,TPA,FL,Tampa International,Tampa,more than 5 million,no,L,loss,-7.3,less than -10%,80691,51063,70386,74771,4385,more,73,0.090468578,0,0.0,27.9769744,-82.5301731
15323,TRI,TN,Tri Cities,Bristol/Johnson City/Kingsport,100k-1 million,no,N,loss,-12.2,at least -10%,4381,3099,3519,3847,328,more,3545,80.91759872,2202,57.23940733,36.48186,-82.40774
15356,TTN,NJ,Trenton Mercer,Trenton,100k-1 million,no,N,loss,-26.1,at least -20%,2936,1181,1810,2171,361,more,0,0.0,0,0.0,40.2770583,-74.8181191
15370,TUL,OK,Tulsa International,Tulsa,1-5 million,no,S,loss,-11.1,at least -10%,18303,11159,14349,16272,1923,more,3483,19.02966727,2720,16.71583088,36.2011824,-95.884728
15374,TUP,MS,Tupelo Regional,Tupelo,10k-100k,yes,N,loss,-29.2,at least -20%,992,879,784,702,-82,less,551,55.54435484,702,100.0,34.2576066,-88.7033859
15376,TUS,AZ,Tucson International,Tucson,1-5 million,no,S,loss,-18.6,at least -10%,19905,12462,15421,16211,790,more,1756,8.821904044,1181,7.285176732,32.1145102,-110.9392269
15380,TVC,MI,Cherry Capital,Traverse City,100k-1 million,no,N,loss,-14.4,at least -10%,5572,3747,5454,4772,-682,less,2524,45.29791816,2061,43.18943839,44.7414422,-85.5792827
15389,TWF,ID,Joslin Field - Magic Valley Regional,Twin Falls,10k-100k,no,N,loss,-66.0,at least -30%,1280,953,1179,435,-744,less,1008,78.75,405,93.10344828,42.48348,-114.48472
15401,TXK,AR,Texarkana Regional-Webb Field,Texarkana,10k-100k,no,N,gain,3.0,less than 10%,1208,759,1048,1244,196,more,1203,99.58609272,1043,83.84244373,33.425125,-94.0476882
15411,TYR,TX,Tyler Pounds Regional,Tyler,10k-100k,no,N,loss,-20.9,at least -20%,1519,1004,1335,1201,-134,less,1448,95.32587228,982,81.76519567,32.3511258,-95.4096293
15412,TYS,TN,McGhee Tyson,Knoxville,1-5 million,no,S,loss,-24.6,at least -20%,21144,12313,15576,15942,366,more,9832,46.50018918,4043,25.36068247,35.810833,-83.993889
15454,UIN,IL,Quincy Regional-Baldwin Field,Quincy,10k-100k,yes,,gain,96.8,at least 30%,594,1908,1841,1169,-672,less,594,100.0,0,0.0,39.9368871,-91.1941325
15582,VEL,UT,Vernal Regional,Vernal,10k-100k,yes,,loss,-16.5,at least -10%,587,551,603,490,-113,less,587,100.0,490,100.0,40.4555157,-109.5287479
15607,VLD,GA,Valdosta Regional,Valdosta,10k-100k,no,N,loss,-3.5,less than -10%,1040,822,1176,1004,-172,less,1039,99.90384615,1004,100.0,30.7891551,-83.2786564
15624,VPS,FL,Eglin AFB Destin Fort Walton Beach,Valparaiso,100k-1 million,no,S,loss,-1.4,less than -10%,8833,7089,11713,8706,-3007,less,1039,11.76270803,84,0.964851826,30.4635583,-86.5533382
15855,WST,RI,Westerly State,Westerly,10k-100k,no,N,loss,-10.5,at least -10%,4110,3236,4032,3679,-353,less,0,0.0,0,0.0,41.3775987,-71.8272871
15919,XNA,AR,Northwest Arkansas National,Fayetteville,100k-1 million,no,S,loss,-22.4,at least -20%,15445,8386,10284,11989,1705,more,2499,16.17999353,1680,14.01284511,36.2805838,-94.3045816
16101,YKM,WA,Yakima Air Terminal/McAllister Field,Yakima,10k-100k,no,N,loss,-51.0,at least -30%,1224,726,752,600,-152,less,0,0.0,0,0.0,46.5700809,-120.5398226
16869,XWA,ND,Williston Basin International,Williston,10k-100k,no,N,loss,-28.0,at least -20%,2057,854,1132,1481,349,more,1952,94.89547885,1277,86.2255233,48.25828,-103.72141
