ORIGIN_AIRPORT_ID,CODE,ORIGIN_STATE_ABR,NAME,LOCATION,category,EAS,diff,pct_change,change_category,1Q2019,2Q2019,3Q2019,4Q2019,1Q2020,2Q2020,3Q2020,4Q2020,1Q2021,2Q2021,3Q2021,4Q2021,1Q2022,2Q2022,3Q2022,4Q2022
10135,ABE,PA,Lehigh Valley International,Allentown/Bethlehem/Easton,100k-1 million,no,loss,-21.7,at least -20%,1287.0,1742.0,1843.0,1633.0,1482.0,563.0,736.0,1001.0,1020,1523,1385,1384,1169.0,1492.0,1337.0,1093.0
10136,ABI,TX,Abilene Regional,Abilene,10k-100k,no,loss,-16.8,at least -10%,493.0,583.0,628.0,608.0,496.0,283.0,384.0,532.0,474,672,745,503,414.0,538.0,540.0,432.0
10140,ABQ,NM,Albuquerque International Sunport,Albuquerque,1-5 million,no,loss,-19.7,at least -10%,6238.0,6790.0,7516.0,7263.0,6133.0,2614.0,3821.0,3530.0,3290,4633,5645,5502,5061.0,5527.0,5860.0,5886.0
10141,ABR,SD,Aberdeen Regional,Aberdeen,10k-100k,yes,loss,-5.4,less than -10%,172.0,181.0,187.0,200.0,180.0,117.0,187.0,206.0,181,183,187,203,178.0,181.0,184.0,157.0
10146,ABY,GA,Southwest Georgia Regional,Albany,10k-100k,no,loss,-5.1,less than -10%,250.0,260.0,248.0,255.0,244.0,96.0,151.0,257.0,254,270,278,249,221.0,262.0,233.0,245.0
10154,ACK,MA,Nantucket Memorial,Nantucket,100k-1 million,no,loss,-32.7,at least -30%,1645.0,3180.0,5699.0,2235.0,1237.0,1149.0,3377.0,1661.0,1012,2618,4938,2058,1150.0,2384.0,3672.0,1383.0
10155,ACT,TX,Waco Regional,Waco,10k-100k,no,loss,-5.0,less than -10%,342.0,500.0,492.0,443.0,380.0,141.0,278.0,275.0,292,432,417,461,405.0,444.0,465.0,375.0
10157,ACV,CA,California Redwood Coast Humboldt County,Arcata/Eureka,10k-100k,no,gain,9.9,less than 10%,350.0,411.0,574.0,595.0,517.0,139.0,267.0,213.0,226,334,629,661,609.0,571.0,525.0,417.0
10158,ACY,NJ,Atlantic City International,Atlantic City,100k-1 million,no,gain,1.9,less than 10%,886.0,783.0,663.0,786.0,883.0,185.0,426.0,418.0,516,957,854,742,707.0,846.0,926.0,698.0
10185,AEX,LA,Alexandria International,Alexandria,100k-1 million,no,loss,-29.1,at least -20%,780.0,802.0,797.0,853.0,749.0,261.0,530.0,693.0,679,845,736,701,731.0,648.0,463.0,449.0
10208,AGS,GA,Augusta Regional at Bush Field,Augusta,100k-1 million,no,loss,-15.1,at least -10%,1203.0,1465.0,1366.0,1303.0,1277.0,490.0,890.0,1019.0,1038,1286,1282,1195,1094.0,1186.0,1139.0,1111.0
10257,ALB,NY,Albany International,Albany,1-5 million,no,loss,-20.2,at least -20%,4535.0,4785.0,4417.0,4283.0,4005.0,1349.0,2360.0,2103.0,1961,2749,3459,3487,3124.0,3807.0,3906.0,3548.0
10268,ALO,IA,Waterloo Regional,Waterloo,10k-100k,yes,gain,0.7,less than 10%,149.0,180.0,171.0,169.0,167.0,75.0,115.0,78.0,86,118,168,166,164.0,176.0,160.0,174.0
10275,ALW,WA,Walla Walla Regional,Walla Walla,10k-100k,no,loss,-31.6,at least -30%,180.0,233.0,233.0,218.0,175.0,115.0,143.0,171.0,171,209,194,165,167.0,178.0,159.0,87.0
10279,AMA,TX,Rick Husband Amarillo International,Amarillo,100k-1 million,no,loss,-11.6,at least -10%,1421.0,1474.0,1495.0,1427.0,1298.0,501.0,911.0,959.0,894,1212,1334,1208,1076.0,1314.0,1406.0,1346.0
10333,APN,MI,Alpena County Regional,Alpena,10k-100k,yes,unchanged,0.0,unchanged,135.0,157.0,160.0,156.0,161.0,122.0,163.0,158.0,154,157,157,150,139.0,155.0,162.0,152.0
10361,ART,NY,Watertown International,Watertown,10k-100k,yes,loss,-6.9,less than -10%,147.0,173.0,174.0,177.0,173.0,111.0,144.0,156.0,145,153,167,153,128.0,158.0,182.0,157.0
10372,ASE,CO,Aspen Pitkin County Sardy Field,Aspen,100k-1 million,no,loss,-2.6,less than -10%,2406.0,1002.0,1586.0,1071.0,2273.0,272.0,720.0,1034.0,1821,1026,1731,902,2375.0,830.0,1559.0,1144.0
10397,ATL,GA,Hartsfield-Jackson Atlanta International,Atlanta,more than 5 million,no,loss,-20.6,at least -20%,93330.0,101691.0,102810.0,97726.0,89833.0,28217.0,60500.0,66764.0,68157,80609,83197,80578,73869.0,79675.0,80964.0,79657.0
10408,ATW,WI,Appleton International,Appleton,100k-1 million,no,loss,-8.5,less than -10%,1580.0,1722.0,1695.0,1693.0,1722.0,551.0,1229.0,1234.0,1395,1824,2232,1734,1571.0,1599.0,1448.0,1502.0
10409,ATY,SD,Watertown Regional,Watertown,10k-100k,yes,gain,24.1,at least 20%,0.0,157.0,177.0,168.0,170.0,111.0,154.0,153.0,151,156,310,299,157.0,156.0,159.0,151.0
10423,AUS,TX,Austin - Bergstrom International,Austin,more than 5 million,no,gain,30.5,at least 30%,15249.0,17122.0,17554.0,17122.0,15270.0,4883.0,8599.0,8129.0,8144,14054,18073,20435,20017.0,22666.0,22745.0,22063.0
10431,AVL,NC,Asheville Regional,Asheville,100k-1 million,no,loss,-4.1,less than -10%,2073.0,2765.0,2997.0,2867.0,2371.0,785.0,1674.0,1799.0,1806,2681,3239,2473,1901.0,2644.0,3030.0,2686.0
10434,AVP,PA,Wilkes Barre Scranton International,Scranton/Wilkes-Barre,100k-1 million,no,loss,-52.8,at least -30%,1370.0,1602.0,1549.0,1449.0,1340.0,451.0,503.0,524.0,583,699,889,773,608.0,785.0,768.0,655.0
10466,AZA,AZ,Phoenix - Mesa Gateway,Phoenix,100k-1 million,no,gain,1.3,less than 10%,1639.0,1444.0,1166.0,1438.0,1684.0,779.0,1121.0,1289.0,1643,1489,1332,1521,1772.0,1336.0,1156.0,1495.0
10469,AZO,MI,Kalamazoo/Battle Creek International,Kalamazoo,100k-1 million,no,loss,-55.1,at least -30%,837.0,839.0,988.0,1033.0,886.0,245.0,404.0,552.0,442,535,568,589,469.0,446.0,374.0,372.0
10529,BDL,CT,Bradley International,Hartford,1-5 million,no,loss,-18.4,at least -10%,7105.0,7687.0,7124.0,7221.0,6748.0,2215.0,3451.0,3252.0,3371,5140,6204,6042,5500.0,6044.0,6195.0,6049.0
10558,BFF,NE,Western Neb. Regional/William B. Heilig Field,Scottsbluff,10k-100k,yes,gain,18.1,at least 10%,142.0,181.0,191.0,154.0,150.0,172.0,195.0,157.0,149,194,175,154,145.0,253.0,230.0,161.0
10559,BFI,WA,Boeing Field/King County International,Seattle,10k-100k,no,loss,-1.8,less than -10%,263.0,480.0,819.0,371.0,225.0,33.0,309.0,185.0,42,361,784,170,249.0,565.0,734.0,350.0
10561,BFL,CA,Meadows Field,Bakersfield,100k-1 million,no,gain,2.4,less than 10%,546.0,624.0,624.0,645.0,692.0,279.0,467.0,527.0,559,662,664,780,603.0,670.0,599.0,625.0
10562,BFM,AL,Mobile International,Mobile,10k-100k,no,loss,-100.0,at least -30%,0.0,42.0,63.0,49.0,36.0,4.0,0.0,0.0,1,0,0,0,,,,
10577,BGM,NY,Greater Binghamton/Edwin A. Link Field,Binghamton,10k-100k,no,loss,-60.5,at least -30%,196.0,260.0,243.0,252.0,167.0,72.0,93.0,93.0,90,91,92,91,88.0,91.0,93.0,104.0
10581,BGR,ME,Bangor International,Bangor,100k-1 million,no,loss,-6.1,less than -10%,991.0,1380.0,1852.0,1377.0,1016.0,422.0,834.0,659.0,661,1278,1921,1177,1029.0,1452.0,1604.0,1174.0
10599,BHM,AL,Birmingham-Shuttlesworth International,Birmingham,1-5 million,no,loss,-27.3,at least -20%,4868.0,5269.0,5307.0,5187.0,4694.0,1429.0,2674.0,2752.0,2711,3642,3984,4040,3498.0,3788.0,3881.0,3825.0
10613,BID,RI,Block Island State,Block Island,10k-100k,no,loss,-8.9,less than -10%,614.0,1000.0,1780.0,738.0,532.0,453.0,1595.0,694.0,550,1109,1591,776,571.0,1055.0,1362.0,777.0
10617,BIH,CA,Bishop Airport,Bishop,less than 10k,no,gain,,other,,,,,,,,,0,0,0,45,216.0,12.0,63.0,43.0
10620,BIL,MT,Billings Logan International,Billings,100k-1 million,no,loss,-25.6,at least -20%,2265.0,2564.0,2747.0,2456.0,2354.0,1749.0,2414.0,2481.0,2291,2651,2938,2174,1974.0,1562.0,1920.0,2003.0
10627,BIS,ND,Bismarck Municipal,Bismarck/Mandan,100k-1 million,no,loss,-31.5,at least -30%,1230.0,1355.0,1373.0,1337.0,1291.0,446.0,747.0,1031.0,976,1044,1135,989,890.0,900.0,955.0,880.0
10631,BJI,MN,Bemidji Regional,Bemidji,10k-100k,yes,loss,-11.9,at least -10%,233.0,235.0,256.0,240.0,240.0,178.0,253.0,244.0,243,247,249,232,232.0,243.0,204.0,170.0
10643,BKG,MO,Branson Airport,Branson,10k-100k,no,loss,-78.8,at least -30%,0.0,72.0,100.0,50.0,0.0,9.0,36.0,17.0,0,22,48,0,0.0,24.0,23.0,0.0
10654,BKW,WV,Raleigh County Memorial,Beckley,10k-100k,yes,gain,7.2,less than 10%,292.0,205.0,306.0,293.0,273.0,272.0,303.0,294.0,281,398,346,314,263.0,305.0,307.0,300.0
10666,BLI,WA,Bellingham International,Bellingham,100k-1 million,no,gain,10.3,at least 10%,831.0,825.0,856.0,767.0,623.0,148.0,350.0,317.0,401,570,655,748,844.0,961.0,966.0,847.0
10676,BLV,IL,Scott AFB MidAmerica St Louis,Belleville,100k-1 million,no,gain,10.3,at least 10%,216.0,315.0,283.0,196.0,229.0,191.0,349.0,224.0,240,358,398,274,232.0,352.0,314.0,216.0
10685,BMI,IL,Central Il Regional Airport at Bloomington,Bloomington/Normal,100k-1 million,no,loss,-14.4,at least -10%,639.0,789.0,798.0,778.0,732.0,236.0,438.0,483.0,565,615,718,722,594.0,660.0,675.0,642.0
10693,BNA,TN,Nashville International,Nashville,more than 5 million,no,gain,4.2,less than 10%,19527.0,21684.0,22036.0,21955.0,19903.0,8051.0,15505.0,14764.0,13163,19298,22050,21737,19410.0,22226.0,23678.0,23473.0
10713,BOI,ID,Boise Air Terminal,Boise,1-5 million,no,gain,1.5,less than 10%,5955.0,6237.0,6712.0,6783.0,6245.0,2443.0,4609.0,5507.0,5290,6007,7501,6212,5950.0,6367.0,7354.0,6394.0
10721,BOS,MA,Logan International,Boston,more than 5 million,no,loss,-11.6,at least -10%,37130.0,43319.0,45355.0,42812.0,38331.0,10465.0,18258.0,16733.0,15579,24191,32691,33768,31303.0,38247.0,41278.0,38246.0
10728,BPT,TX,Jack Brooks Regional,Beaumont/Port Arthur,10k-100k,no,loss,-18.6,at least -10%,227.0,229.0,252.0,253.0,213.0,105.0,134.0,194.0,161,263,264,251,226.0,199.0,182.0,175.0
10731,BQK,GA,Brunswick Golden Isles,Brunswick,10k-100k,no,loss,-15.9,at least -10%,250.0,264.0,261.0,260.0,247.0,87.0,182.0,269.0,229,266,276,259,182.0,262.0,242.0,184.0
10739,BRD,MN,Brainerd Lakes Regional,Brainerd,10k-100k,yes,gain,14.0,at least 10%,155.0,160.0,168.0,158.0,162.0,115.0,178.0,160.0,154,165,168,152,148.0,165.0,216.0,202.0
10747,BRO,TX,Brownsville South Padre Island International,Brownsville,100k-1 million,no,loss,-14.0,at least -10%,596.0,660.0,721.0,687.0,555.0,225.0,477.0,508.0,535,559,664,615,463.0,650.0,622.0,557.0
10779,BTM,MT,Bert Mooney,Butte,10k-100k,yes,loss,-10.6,at least -10%,167.0,169.0,171.0,170.0,167.0,115.0,172.0,174.0,168,173,181,168,167.0,151.0,119.0,168.0
10781,BTR,LA,Baton Rouge Metropolitan/Ryan Field,Baton Rouge,100k-1 million,no,loss,-28.0,at least -20%,1837.0,1908.0,1886.0,2001.0,1725.0,590.0,1014.0,1186.0,1187,1579,1471,1410,1305.0,1374.0,1454.0,1360.0
10785,BTV,VT,Burlington International,Burlington,100k-1 million,no,loss,-22.3,at least -20%,2614.0,2948.0,3241.0,2931.0,2417.0,732.0,1299.0,1098.0,953,1570,2317,2302,1995.0,2437.0,2529.0,2154.0
10792,BUF,NY,Buffalo Niagara International,Buffalo,1-5 million,no,loss,-27.0,at least -20%,6388.0,7413.0,7366.0,6771.0,6040.0,1902.0,2848.0,2744.0,2535,4033,4955,5178,4620.0,5293.0,5460.0,5027.0
10800,BUR,CA,Bob Hope,Burbank,1-5 million,no,gain,0.8,less than 10%,6875.0,7741.0,8726.0,8115.0,7398.0,2376.0,3450.0,2872.0,2537,3969,6388,7329,7329.0,8367.0,8416.0,7604.0
10821,BWI,MD,Baltimore/Washington International Thurgood Marshall,Baltimore,more than 5 million,no,loss,-20.8,at least -20%,23761.0,27847.0,28224.0,27928.0,23464.0,11828.0,19094.0,16741.0,15249,19624,20738,20764,18858.0,21331.0,23346.0,21827.0
10849,BZN,MT,Bozeman Yellowstone International,Bozeman,100k-1 million,no,gain,21.5,at least 20%,2122.0,2046.0,2391.0,1800.0,2409.0,667.0,1957.0,1896.0,2448,2812,4097,2302,2732.0,2349.0,2991.0,2082.0
10868,CAE,SC,Columbia Metropolitan,Columbia,100k-1 million,no,loss,-26.4,at least -20%,2700.0,2882.0,2905.0,2884.0,2750.0,943.0,1617.0,1619.0,1636,1982,2427,2207,2035.0,2201.0,2130.0,2002.0
10874,CAK,OH,Akron-Canton Regional,Akron,100k-1 million,no,loss,-49.4,at least -30%,1852.0,1893.0,1906.0,1947.0,1894.0,394.0,700.0,681.0,739,988,1072,1088,1049.0,1006.0,873.0,920.0
10918,CDC,UT,Cedar City Regional,Cedar City,10k-100k,yes,loss,-18.4,at least -10%,155.0,196.0,259.0,156.0,130.0,0.0,126.0,158.0,157,157,159,154,155.0,158.0,157.0,155.0
10967,CGI,MO,Cape Girardeau Regional,Cape Girardeau,10k-100k,yes,loss,-33.6,at least -30%,218.0,242.0,247.0,219.0,144.0,109.0,155.0,159.0,142,155,150,151,121.0,178.0,185.0,131.0
10980,CHA,TN,Lovell Field,Chattanooga,100k-1 million,no,loss,-34.5,at least -30%,2442.0,2600.0,2601.0,2541.0,2160.0,619.0,1274.0,1525.0,1451,1891,1952,1766,1570.0,1756.0,1716.0,1626.0
10990,CHO,VA,Charlottesville Albemarle,Charlottesville,100k-1 million,no,loss,-36.0,at least -30%,2017.0,2238.0,2266.0,2298.0,2143.0,465.0,905.0,913.0,840,1175,1395,1457,1362.0,1581.0,1392.0,1309.0
10994,CHS,SC,Charleston AFB/International,Charleston,1-5 million,no,loss,-2.2,less than -10%,5740.0,7202.0,7241.0,6912.0,5633.0,2019.0,3768.0,3925.0,3902,6520,7850,6897,5973.0,7348.0,6833.0,6351.0
11003,CID,IA,The Eastern Iowa,Cedar Rapids/Iowa City,100k-1 million,no,loss,-20.9,at least -20%,2274.0,2569.0,2802.0,2806.0,2634.0,793.0,1536.0,1697.0,1667,2089,2780,2460,2155.0,2134.0,2059.0,1923.0
11013,CIU,MI,Chippewa County International,Sault Ste. Marie,10k-100k,yes,gain,6.3,less than 10%,158.0,170.0,172.0,167.0,164.0,168.0,189.0,182.0,182,184,186,179,177.0,180.0,184.0,168.0
11027,CKB,WV,North Central West Virginia,Clarksburg/Fairmont,10k-100k,yes,gain,14.6,at least 10%,221.0,232.0,232.0,220.0,204.0,178.0,194.0,199.0,191,238,270,222,196.0,342.0,273.0,226.0
11042,CLE,OH,Cleveland-Hopkins International,Cleveland,1-5 million,no,loss,-25.3,at least -20%,11996.0,13283.0,13477.0,12699.0,11696.0,2990.0,6399.0,6173.0,6175,8175,9987,10432,9503.0,9947.0,9601.0,9376.0
11049,CLL,TX,Easterwood Field,College Station/Bryan,10k-100k,no,loss,-41.5,at least -30%,539.0,560.0,575.0,574.0,492.0,193.0,309.0,415.0,352,532,628,518,327.0,354.0,324.0,309.0
11057,CLT,NC,Charlotte Douglas International,Charlotte,more than 5 million,no,loss,-16.5,at least -10%,60693.0,63055.0,64017.0,65319.0,60772.0,27415.0,43799.0,44737.0,46923,60461,59376,57632,51422.0,52687.0,54068.0,53039.0
11066,CMH,OH,John Glenn Columbus International,Columbus,1-5 million,no,loss,-21.4,at least -20%,11392.0,12447.0,12736.0,12873.0,11039.0,3458.0,6345.0,5888.0,5573,7797,9071,9911,9352.0,9969.0,9808.0,9745.0
11067,CMI,IL,University of Illinois/Willard,Champaign/Urbana,100k-1 million,no,loss,-46.9,at least -30%,557.0,724.0,780.0,749.0,640.0,243.0,322.0,296.0,299,464,521,440,389.0,364.0,361.0,377.0
11076,CMX,MI,Houghton County Memorial,Hancock/Houghton,10k-100k,yes,loss,-6.7,less than -10%,158.0,176.0,178.0,173.0,169.0,149.0,176.0,182.0,170,182,185,174,141.0,148.0,177.0,173.0
11092,CNY,UT,Canyonlands Regional,Moab,10k-100k,yes,gain,7.8,less than 10%,140.0,150.0,174.0,128.0,103.0,145.0,220.0,153.0,105,208,230,167,103.0,162.0,211.0,162.0
11097,COD,WY,Yellowstone Regional,Cody,10k-100k,yes,loss,-12.1,at least -10%,173.0,263.0,442.0,206.0,174.0,96.0,264.0,162.0,95,301,456,186,173.0,335.0,265.0,180.0
11109,COS,CO,City of Colorado Springs Municipal,Colorado Springs,100k-1 million,no,gain,9.3,less than 10%,2377.0,2810.0,3080.0,2896.0,2559.0,765.0,1408.0,1882.0,1957,3359,3639,3117,2752.0,3220.0,3332.0,2899.0
11111,COU,MO,Columbia Regional,Columbia,100k-1 million,no,loss,-47.7,at least -30%,582.0,794.0,891.0,817.0,692.0,272.0,433.0,327.0,243,401,634,506,304.0,444.0,449.0,415.0
11122,CPR,WY,Casper/Natrona County International,Casper,10k-100k,no,loss,-23.6,at least -20%,485.0,600.0,623.0,603.0,518.0,221.0,340.0,522.0,405,491,694,412,347.0,422.0,469.0,528.0
11140,CRP,TX,Corpus Christi International,Corpus Christi,100k-1 million,no,loss,-11.7,at least -10%,1336.0,1404.0,1503.0,1543.0,1443.0,529.0,829.0,978.0,1020,1240,1334,1276,1086.0,1365.0,1404.0,1252.0
11146,CRW,WV,West Virginia International Yeager,Charleston/Dunbar,100k-1 million,no,loss,-36.8,at least -30%,1147.0,1322.0,1311.0,1363.0,1185.0,357.0,716.0,710.0,714,942,919,817,765.0,839.0,820.0,827.0
11150,CSG,GA,Columbus Airport,Columbus,10k-100k,no,gain,58.2,at least 30%,279.0,359.0,348.0,307.0,261.0,98.0,285.0,299.0,256,268,410,525,484.0,525.0,535.0,502.0
11193,CVG,KY,Cincinnati/Northern Kentucky International,Cincinnati,1-5 million,no,loss,-26.3,at least -20%,11795.0,13401.0,13302.0,12588.0,11565.0,3139.0,6154.0,6498.0,6666,8656,9789,9876,8823.0,9472.0,9933.0,9431.0
11197,CVN,NM,Clovis Regional,Clovis,less than 10k,yes,loss,-35.3,at least -30%,211.0,221.0,275.0,257.0,240.0,182.0,157.0,158.0,150,152,159,157,154.0,156.0,156.0,158.0
11203,CWA,WI,Central Wisconsin,Mosinee,100k-1 million,no,loss,-47.8,at least -30%,728.0,914.0,920.0,881.0,782.0,242.0,525.0,513.0,421,729,993,661,450.0,450.0,453.0,445.0
11233,CYS,WY,Cheyenne Regional/Jerry Olson Field,Cheyenne,10k-100k,no,gain,15.2,at least 10%,87.0,174.0,218.0,87.0,88.0,5.0,4.0,51.0,82,15,0,108,97.0,179.0,201.0,175.0
11252,DAB,FL,Daytona Beach International,Daytona Beach,100k-1 million,no,loss,-19.3,at least -10%,907.0,923.0,775.0,803.0,856.0,306.0,685.0,700.0,876,942,794,690,771.0,756.0,632.0,590.0
11259,DAL,TX,Dallas Love Field,Dallas,more than 5 million,no,loss,-11.6,at least -10%,17714.0,17577.0,18514.0,18707.0,17378.0,8130.0,12382.0,11109.0,10166,14433,16193,16146,14852.0,15885.0,16549.0,16829.0
11267,DAY,OH,James M Cox/Dayton International,Dayton,100k-1 million,no,loss,-40.3,at least -30%,3864.0,4151.0,4238.0,4151.0,3551.0,1218.0,1866.0,1966.0,1963,2611,3328,2887,2533.0,2623.0,2402.0,2241.0
11274,DBQ,IA,Dubuque Regional,Dubuque,10k-100k,no,loss,-55.2,at least -30%,223.0,257.0,248.0,257.0,242.0,80.0,125.0,6.0,83,142,145,192,128.0,178.0,135.0,0.0
11278,DCA,VA,Ronald Reagan Washington National,Washington,more than 5 million,no,gain,1.2,less than 10%,34173.0,35473.0,35041.0,35273.0,33276.0,8072.0,13275.0,9295.0,9759,19290,23105,31388,34114.0,35456.0,36154.0,35896.0
11288,DEC,IL,Decatur Airport,Decatur,less than 10k,yes,loss,-45.4,at least -30%,419.0,461.0,483.0,479.0,371.0,113.0,150.0,160.0,142,155,152,150,129.0,315.0,312.0,249.0
11292,DEN,CO,Denver International,Denver,more than 5 million,no,loss,-3.8,less than -10%,64219.0,72365.0,79024.0,73009.0,65585.0,28117.0,50856.0,55084.0,52459,67259,78190,69732,62791.0,69108.0,74829.0,70966.0
11298,DFW,TX,Dallas/Fort Worth International,Dallas/Fort Worth,more than 5 million,no,loss,-9.8,less than -10%,68928.0,75203.0,80795.0,77460.0,69592.0,33748.0,56623.0,58416.0,57576,71032,75286,71222,62849.0,70339.0,72308.0,67244.0
11308,DHN,AL,Dothan Regional,Dothan,10k-100k,no,loss,-32.5,at least -30%,340.0,350.0,347.0,345.0,333.0,104.0,150.0,292.0,258,268,276,260,225.0,265.0,261.0,182.0
11315,DIK,ND,Dickinson - Theodore Roosevelt Regional,Dickinson,10k-100k,yes,loss,-6.4,less than -10%,140.0,150.0,158.0,165.0,168.0,78.0,81.0,114.0,84,141,152,155,143.0,139.0,156.0,136.0
11337,DLH,MN,Duluth International,Duluth,100k-1 million,no,loss,-29.7,at least -20%,553.0,795.0,1009.0,917.0,757.0,217.0,442.0,549.0,470,608,758,622,589.0,640.0,557.0,515.0
11413,DRO,CO,Durango La Plata County,Durango,100k-1 million,no,loss,-15.4,at least -10%,898.0,1010.0,1227.0,1090.0,934.0,324.0,606.0,861.0,869,1154,1331,1016,824.0,948.0,816.0,985.0
11415,DRT,TX,Del Rio International,Del Rio,10k-100k,no,loss,-4.3,less than -10%,179.0,175.0,178.0,182.0,171.0,102.0,137.0,12.0,104,179,180,179,144.0,179.0,183.0,177.0
11423,DSM,IA,Des Moines International,Des Moines,1-5 million,no,loss,-19.7,at least -10%,4298.0,4798.0,4652.0,4503.0,4416.0,1590.0,2933.0,2859.0,2766,3540,4208,3835,3542.0,3799.0,3752.0,3563.0
11433,DTW,MI,Detroit Metro Wayne County,Detroit,more than 5 million,no,loss,-28.6,at least -20%,40642.0,44955.0,46003.0,43764.0,39927.0,13410.0,26010.0,28031.0,27075,32954,35644,33843,30658.0,32724.0,32021.0,29836.0
11447,DVL,ND,Devils Lake Regional,Devils Lake,less than 10k,yes,gain,4.0,less than 10%,145.0,152.0,156.0,145.0,151.0,111.0,153.0,158.0,141,156,165,171,147.0,153.0,174.0,148.0
11468,EAR,NE,Kearney Regional,Kearney,10k-100k,yes,gain,5.0,less than 10%,144.0,152.0,168.0,191.0,251.0,113.0,162.0,182.0,179,213,278,271,213.0,160.0,158.0,157.0
11470,EAT,WA,Pangborn Memorial,Wenatchee,10k-100k,no,loss,-48.7,at least -30%,246.0,282.0,306.0,309.0,242.0,115.0,164.0,178.0,173,193,254,174,173.0,180.0,161.0,72.0
11471,EAU,WI,Chippewa Valley Regional,Eau Claire,10k-100k,yes,loss,-29.2,at least -20%,164.0,179.0,178.0,177.0,174.0,150.0,178.0,182.0,177,181,181,173,164.0,155.0,99.0,76.0
11481,ECP,FL,Northwest Florida Beaches International,Panama City,100k-1 million,no,gain,11.9,at least 10%,1438.0,1871.0,1811.0,1445.0,1459.0,1154.0,2239.0,1743.0,1822,3248,3134,1711,1560.0,2172.0,2115.0,1502.0
11503,EGE,CO,Eagle County Regional,Eagle,100k-1 million,no,gain,22.9,at least 20%,1329.0,229.0,336.0,397.0,1133.0,126.0,188.0,436.0,1390,431,563,464,1370.0,418.0,451.0,577.0
11525,EKO,NV,Elko Regional,Elko,10k-100k,no,loss,-46.3,at least -30%,162.0,169.0,171.0,170.0,161.0,70.0,144.0,169.0,166,171,171,163,91.0,90.0,92.0,88.0
11537,ELM,NY,Elmira/Corning Regional,Elmira/Corning,100k-1 million,no,loss,-63.3,at least -30%,665.0,688.0,684.0,689.0,536.0,183.0,249.0,213.0,234,238,282,308,278.0,253.0,241.0,229.0
11540,ELP,TX,El Paso International,El Paso,1-5 million,no,loss,-8.4,less than -10%,4511.0,4885.0,5043.0,5051.0,4354.0,1427.0,2407.0,2528.0,2458,3399,4126,4282,3828.0,4452.0,4805.0,4760.0
11577,ERI,PA,Erie International/Tom Ridge Field,Erie,100k-1 million,no,loss,-45.4,at least -30%,548.0,659.0,700.0,632.0,556.0,240.0,360.0,314.0,282,409,426,429,312.0,357.0,363.0,354.0
11587,ESC,MI,Delta County,Escanaba,10k-100k,yes,gain,14.5,at least 10%,140.0,157.0,158.0,150.0,152.0,110.0,158.0,157.0,153,166,181,175,173.0,182.0,185.0,153.0
11603,EUG,OR,Mahlon Sweet Field,Eugene,100k-1 million,no,gain,5.5,less than 10%,1819.0,2197.0,2413.0,2373.0,2233.0,853.0,1326.0,1883.0,1664,2092,2553,2365,2184.0,2396.0,2540.0,2165.0
11612,EVV,IN,Evansville Regional,Evansville,100k-1 million,no,loss,-51.7,at least -30%,1216.0,1416.0,1453.0,1349.0,1227.0,466.0,921.0,954.0,773,1032,1192,932,680.0,734.0,650.0,563.0
11617,EWN,NC,Coastal Carolina Regional,New Bern/Morehead/Beaufort,100k-1 million,no,loss,-51.1,at least -30%,668.0,618.0,611.0,627.0,552.0,271.0,323.0,325.0,230,442,398,404,281.0,316.0,324.0,314.0
11618,EWR,NJ,Newark Liberty International,Newark,more than 5 million,no,loss,-9.0,less than -10%,36498.0,38604.0,38984.0,40291.0,37085.0,4161.0,14680.0,17357.0,15890,21982,26043,35724,33849.0,36751.0,33582.0,36366.0
11624,EYW,FL,Key West International,Key West,100k-1 million,no,gain,10.7,at least 10%,2467.0,2082.0,1810.0,2059.0,2632.0,698.0,1344.0,1952.0,2901,3498,2734,2508,2731.0,2447.0,1965.0,2176.0
11637,FAR,ND,Hector International,Fargo,100k-1 million,no,loss,-16.6,at least -10%,1668.0,1925.0,1890.0,1930.0,1887.0,552.0,1162.0,1388.0,1461,1598,1777,1600,1455.0,1521.0,1552.0,1653.0
11638,FAT,CA,Fresno Yosemite International,Fresno,100k-1 million,no,loss,-16.1,at least -10%,2996.0,3194.0,3304.0,3219.0,2982.0,1058.0,1788.0,2194.0,2068,3133,3672,3021,2528.0,2777.0,2936.0,2422.0
11641,FAY,NC,Fayetteville Regional/Grannis Field,Fayetteville,100k-1 million,no,loss,-29.4,at least -20%,1046.0,1005.0,1007.0,1019.0,942.0,373.0,757.0,710.0,778,966,893,759,657.0,778.0,780.0,662.0
11648,FCA,MT,Glacier Park International,Kalispell,100k-1 million,no,loss,-6.4,less than -10%,902.0,1107.0,1775.0,943.0,1072.0,409.0,1666.0,1023.0,1012,1442,2321,931,860.0,1092.0,1625.0,849.0
11695,FLG,AZ,Flagstaff Pulliam,Flagstaff,100k-1 million,no,loss,-19.5,at least -10%,327.0,721.0,732.0,702.0,674.0,236.0,404.0,501.0,524,746,906,707,428.0,569.0,534.0,467.0
11697,FLL,FL,Fort Lauderdale-Hollywood International,Fort Lauderdale,more than 5 million,no,loss,-16.4,at least -10%,26886.0,25271.0,22519.0,26191.0,27384.0,6759.0,12146.0,16088.0,19478,24150,22564,21930,22476.0,21763.0,18886.0,21203.0
11699,FLO,SC,Florence Regional,Florence,10k-100k,no,loss,-36.1,at least -30%,253.0,309.0,333.0,328.0,259.0,162.0,176.0,12.0,102,182,195,247,229.0,188.0,183.0,181.0
11719,FNL,CO,Northern Colorado Regional,Fort Collins/Loveland,less than 10k,no,gain,,other,,,,,,,,,0,0,0,30,52.0,42.0,2.0,0.0
11721,FNT,MI,Bishop International,Flint,100k-1 million,no,loss,-25.1,at least -20%,947.0,1056.0,1081.0,1207.0,1232.0,469.0,673.0,796.0,750,924,871,838,905.0,929.0,740.0,642.0
11762,FRD,WA,Friday Harbor Airport,Friday Harbor,10k-100k,no,loss,-1.9,less than -10%,287.0,620.0,1013.0,379.0,241.0,52.0,532.0,208.0,42,521,1230,189,247.0,479.0,1225.0,305.0
11775,FSD,SD,Joe Foss Field,Sioux Falls,100k-1 million,no,loss,-10.9,at least -10%,1850.0,2101.0,2260.0,2252.0,2067.0,820.0,1445.0,1639.0,1775,2086,2327,2064,1873.0,2008.0,1903.0,1760.0
11778,FSM,AR,Fort Smith Regional,Fort Smith,10k-100k,no,loss,-35.1,at least -30%,502.0,500.0,540.0,592.0,522.0,180.0,250.0,247.0,294,344,282,378,387.0,352.0,350.0,295.0
11823,FWA,IN,Fort Wayne International,Fort Wayne,100k-1 million,no,loss,-23.6,at least -20%,1852.0,1982.0,1888.0,1932.0,1896.0,720.0,1420.0,1383.0,1305,1548,1622,1592,1409.0,1522.0,1469.0,1447.0
11865,GCC,WY,Northeast Wyoming Regional,Gillette,10k-100k,no,loss,-18.3,at least -10%,167.0,177.0,184.0,228.0,187.0,105.0,111.0,155.0,114,171,255,199,152.0,155.0,159.0,152.0
11867,GCK,KS,Garden City Regional,Garden City,10k-100k,yes,gain,1.0,less than 10%,165.0,169.0,186.0,181.0,169.0,96.0,181.0,178.0,169,180,179,180,172.0,179.0,181.0,176.0
11884,GEG,WA,Spokane International,Spokane,1-5 million,no,loss,-10.1,at least -10%,5036.0,5429.0,5964.0,5624.0,5305.0,1951.0,4197.0,4657.0,4139,5034,5781,4577,4312.0,5097.0,5646.0,4763.0
11898,GFK,ND,Grand Forks International,Grand Forks,100k-1 million,no,loss,-33.2,at least -30%,499.0,511.0,540.0,548.0,481.0,127.0,280.0,317.0,330,309,322,310,395.0,382.0,307.0,317.0
11905,GGG,TX,East Texas Regional,Longview,10k-100k,no,loss,-18.0,at least -10%,198.0,252.0,259.0,232.0,225.0,92.0,138.0,194.0,196,245,249,208,168.0,238.0,187.0,179.0
11921,GJT,CO,Grand Junction Regional,Grand Junction,100k-1 million,no,loss,-25.1,at least -20%,1239.0,1314.0,1288.0,1380.0,1323.0,407.0,787.0,1142.0,1170,1301,1551,1233,947.0,1010.0,956.0,995.0
11953,GNV,FL,Gainesville Regional,Gainesville,100k-1 million,no,loss,-28.9,at least -20%,1116.0,1346.0,1347.0,1351.0,1300.0,432.0,657.0,758.0,762,944,982,1057,863.0,990.0,930.0,887.0
11973,GPT,MS,Gulfport-Biloxi International,Gulfport/Biloxi,100k-1 million,no,loss,-18.3,at least -10%,1020.0,1104.0,1193.0,1255.0,1141.0,530.0,819.0,921.0,897,1050,1054,1044,947.0,966.0,957.0,864.0
11977,GRB,WI,Green Bay Austin Straubel International,Green Bay,100k-1 million,no,loss,-22.2,at least -20%,1317.0,1625.0,1656.0,1627.0,1490.0,344.0,1077.0,1113.0,1077,1315,1537,1282,1167.0,1192.0,1219.0,1267.0
11980,GRI,NE,Central Nebraska Regional,Grand Island,10k-100k,yes,loss,-17.3,at least -10%,282.0,272.0,290.0,272.0,224.0,131.0,207.0,234.0,221,231,230,239,223.0,228.0,234.0,238.0
11982,GRK,TX,Robert Gray AAF,Killeen,100k-1 million,no,loss,-38.9,at least -30%,755.0,859.0,938.0,817.0,769.0,262.0,513.0,635.0,618,806,826,738,544.0,555.0,504.0,457.0
11986,GRR,MI,Gerald R. Ford International,Grand Rapids,1-5 million,no,loss,-22.9,at least -20%,5155.0,5361.0,5380.0,5526.0,5256.0,1524.0,3212.0,3277.0,3678,4315,4862,4524,4139.0,4187.0,4113.0,4087.0
11995,GSO,NC,Piedmont Triad International,Greensboro/High Point,1-5 million,no,loss,-34.2,at least -30%,4217.0,4745.0,4686.0,4694.0,4200.0,944.0,1993.0,1973.0,1844,2708,3203,3441,3001.0,3067.0,3109.0,2889.0
11996,GSP,SC,Greenville-Spartanburg International,Greer,1-5 million,no,loss,-22.1,at least -20%,4111.0,4552.0,4648.0,4605.0,4283.0,1438.0,2475.0,2362.0,2438,3357,3892,3907,3493.0,3607.0,3542.0,3311.0
12003,GTF,MT,Great Falls International,Great Falls,100k-1 million,no,loss,-27.0,at least -20%,635.0,793.0,893.0,820.0,662.0,301.0,686.0,686.0,701,804,968,580,552.0,575.0,575.0,592.0
12007,GTR,MS,Golden Triangle Regional,Columbus,10k-100k,no,loss,-14.3,at least -10%,249.0,285.0,326.0,328.0,321.0,114.0,182.0,274.0,225,257,256,257,252.0,261.0,251.0,254.0
12012,GUC,CO,Gunnison-Crested Butte Regional,Gunnison,10k-100k,no,gain,24.7,at least 20%,285.0,138.0,225.0,139.0,324.0,47.0,156.0,143.0,285,182,251,185,371.0,217.0,256.0,137.0
12094,HDN,CO,Yampa Valley,Hayden,100k-1 million,no,gain,42.4,at least 30%,975.0,185.0,234.0,337.0,923.0,80.0,181.0,366.0,1140,371,398,554,1267.0,388.0,386.0,424.0
12119,HGR,MD,Hagerstown Regional-Richard A. Henson Field,Hagerstown,10k-100k,no,loss,-81.8,at least -30%,320.0,360.0,372.0,107.0,31.0,38.0,62.0,33.0,26,48,63,41,48.0,62.0,60.0,41.0
12124,HHH,SC,Hilton Head Airport,Hilton Head,100k-1 million,no,gain,0.1,less than 10%,248.0,636.0,752.0,546.0,555.0,340.0,569.0,493.0,586,1366,1479,622,347.0,680.0,705.0,452.0
12129,HIB,MN,Range Regional,Hibbing,10k-100k,yes,gain,2.1,less than 10%,154.0,155.0,160.0,158.0,157.0,109.0,162.0,158.0,154,162,165,151,141.0,157.0,171.0,171.0
12156,HLN,MT,Helena Regional,Helena,100k-1 million,no,loss,-35.3,at least -30%,600.0,611.0,622.0,603.0,578.0,273.0,339.0,390.0,362,376,534,440,421.0,426.0,369.0,360.0
12177,HOB,NM,Lea County Regional,Hobbs,10k-100k,no,loss,-23.1,at least -20%,164.0,166.0,170.0,240.0,241.0,50.0,40.0,54.0,50,68,102,197,173.0,133.0,131.0,132.0
12191,HOU,TX,William P Hobby,Houston,more than 5 million,no,loss,-15.4,at least -10%,14144.0,14633.0,15114.0,14782.0,13423.0,6083.0,10230.0,9732.0,9750,12131,12942,12360,11283.0,12271.0,13180.0,12932.0
12197,HPN,NY,Westchester County,White Plains,100k-1 million,no,gain,1.5,less than 10%,3028.0,3604.0,4267.0,3348.0,3175.0,298.0,927.0,895.0,1020,2022,3049,2723,2934.0,3408.0,4294.0,3818.0
12206,HRL,TX,Valley International,Harlingen/San Benito,100k-1 million,no,gain,4.4,less than 10%,1099.0,1160.0,1142.0,1098.0,1253.0,439.0,638.0,719.0,726,944,1157,1093,1027.0,1236.0,1248.0,1184.0
12217,HSV,AL,Huntsville International-Carl T Jones Field,Huntsville,100k-1 million,no,loss,-19.7,at least -10%,2633.0,2921.0,3016.0,2890.0,2650.0,854.0,1575.0,1712.0,1627,2238,2473,2439,1988.0,2461.0,2422.0,2336.0
12223,HTS,WV,Tri-State/Milton J. Ferguson Field,Ashland,100k-1 million,no,loss,-28.5,at least -20%,327.0,439.0,430.0,368.0,330.0,268.0,295.0,109.0,206,363,417,314,216.0,311.0,339.0,253.0
12244,HVN,CT,Tweed New Haven,New Haven,10k-100k,no,gain,166.5,at least 30%,224.0,269.0,299.0,279.0,161.0,76.0,109.0,6.0,69,72,68,173,375.0,656.0,953.0,870.0
12250,HYA,MA,Cape Cod Gateway,Hyannis,10k-100k,no,loss,-53.3,at least -30%,1031.0,1485.0,2235.0,1186.0,668.0,692.0,1489.0,839.0,617,1086,1826,1045,723.0,828.0,753.0,470.0
12255,HYS,KS,Hays Regional,Hays,10k-100k,yes,loss,-43.1,at least -30%,280.0,299.0,315.0,305.0,261.0,171.0,224.0,157.0,151,154,153,154,140.0,183.0,184.0,175.0
12264,IAD,VA,Washington Dulles International,Washington,more than 5 million,no,loss,-18.1,at least -10%,20705.0,24022.0,24217.0,23641.0,21042.0,7197.0,12699.0,13311.0,13252,16270,25209,22845,17748.0,19770.0,19217.0,19082.0
12265,IAG,NY,Niagara Falls International,Niagara Falls,100k-1 million,no,loss,-53.6,at least -30%,236.0,228.0,185.0,187.0,238.0,80.0,97.0,67.0,97,99,89,93,99.0,119.0,80.0,90.0
12266,IAH,TX,George Bush Intercontinental/Houston,Houston,more than 5 million,no,loss,-17.4,at least -10%,43794.0,44443.0,44862.0,45740.0,42288.0,11708.0,21462.0,25616.0,28338,37160,43975,41403,35390.0,37294.0,37233.0,37882.0
12278,ICT,KS,Wichita Dwight D Eisenhower National,Wichita,100k-1 million,no,loss,-16.2,at least -10%,2742.0,2929.0,3019.0,2998.0,2753.0,1221.0,1880.0,2068.0,1867,2440,2627,2544,2186.0,2509.0,2643.0,2462.0
12280,IDA,ID,Idaho Falls Regional,Idaho Falls,100k-1 million,no,gain,60.7,at least 30%,660.0,722.0,808.0,704.0,647.0,378.0,519.0,677.0,655,843,1330,1128,856.0,1391.0,1353.0,1052.0
12323,ILM,NC,Wilmington International,Wilmington,100k-1 million,no,loss,-8.6,less than -10%,1970.0,2350.0,2319.0,2263.0,1970.0,737.0,1452.0,1362.0,1367,1999,2375,1803,1543.0,2272.0,2324.0,1998.0
12335,IMT,MI,Ford,Iron Mountain/Kingsfd,10k-100k,yes,gain,8.1,less than 10%,156.0,169.0,173.0,166.0,167.0,168.0,178.0,184.0,180,182,186,179,175.0,182.0,186.0,175.0
12339,IND,IN,Indianapolis International,Indianapolis,1-5 million,no,loss,-19.3,at least -10%,12262.0,13235.0,12661.0,13108.0,12191.0,3783.0,6911.0,6821.0,6434,9209,10607,11103,10080.0,10674.0,10366.0,10268.0
12343,INL,MN,Falls International Einarson Field,International Falls,10k-100k,yes,loss,-13.2,at least -10%,153.0,163.0,177.0,153.0,154.0,112.0,157.0,159.0,156,166,162,138,132.0,145.0,160.0,124.0
12365,IPT,PA,Williamsport Regional,Williamsport,10k-100k,no,loss,-100.0,at least -30%,120.0,189.0,226.0,166.0,119.0,59.0,112.0,6.0,67,70,68,0,,,,
12391,ISP,NY,Long Island MacArthur,Islip,100k-1 million,no,loss,-19.2,at least -10%,1557.0,1490.0,1522.0,1776.0,1584.0,336.0,592.0,870.0,803,1145,1287,1663,1562.0,1434.0,1125.0,1007.0
12397,ITH,NY,Ithaca Tompkins International,Ithaca/Cortland,100k-1 million,no,loss,-51.2,at least -30%,608.0,751.0,793.0,749.0,633.0,238.0,251.0,223.0,178,321,500,504,362.0,412.0,379.0,264.0
12441,JAC,WY,Jackson Hole,Jackson,100k-1 million,no,loss,-0.8,less than -10%,1351.0,906.0,1694.0,792.0,1214.0,377.0,1280.0,978.0,1613,1488,2373,921,1692.0,160.0,1973.0,878.0
12448,JAN,MS,Jackson Medgar Wiley Evers International,Jackson/Vicksburg,100k-1 million,no,gain,2.7,less than 10%,2050.0,2054.0,2116.0,2158.0,2003.0,635.0,1165.0,1207.0,1204,1919,2552,2501,1956.0,2231.0,2199.0,2221.0
12451,JAX,FL,Jacksonville International,Jacksonville,1-5 million,no,loss,-17.5,at least -10%,8357.0,9233.0,8880.0,8621.0,7123.0,2309.0,3984.0,4088.0,4426,6274,6766,7448,6934.0,7536.0,7211.0,7253.0
12478,JFK,NY,John F. Kennedy International,New York,more than 5 million,no,gain,5.2,less than 10%,31073.0,31962.0,31841.0,31024.0,29116.0,4245.0,9752.0,10934.0,10973,19714,23659,27855,31343.0,32959.0,34368.0,33838.0
12511,JLN,MO,Joplin Regional,Joplin,10k-100k,no,loss,-52.9,at least -30%,174.0,296.0,474.0,392.0,300.0,100.0,219.0,215.0,154,178,248,215,166.0,154.0,157.0,152.0
12519,JMS,ND,Jamestown Regional,Jamestown,10k-100k,yes,loss,-24.6,at least -20%,225.0,231.0,249.0,227.0,226.0,175.0,233.0,244.0,223,242,253,255,220.0,181.0,157.0,145.0
12544,USA,NC,Concord Padgett Regional,Concord,100k-1 million,no,loss,-39.1,at least -30%,258.0,365.0,366.0,368.0,299.0,146.0,230.0,223.0,249,354,305,304,238.0,217.0,171.0,200.0
12884,LAN,MI,Capital Region International,Lansing,100k-1 million,no,loss,-50.9,at least -30%,937.0,994.0,992.0,1009.0,942.0,247.0,384.0,512.0,442,644,726,663,490.0,526.0,450.0,465.0
12888,LAR,WY,Laramie Regional,Laramie,10k-100k,yes,loss,-2.0,less than -10%,144.0,148.0,161.0,145.0,152.0,107.0,155.0,152.0,146,160,158,152,134.0,135.0,166.0,151.0
12889,LAS,NV,Harry Reid International,Las Vegas,more than 5 million,no,gain,3.1,less than 10%,39894.0,42721.0,43873.0,42745.0,38985.0,13682.0,26480.0,27021.0,25273,35204,40484,39814,38501.0,42904.0,47020.0,46050.0
12891,LAW,OK,Lawton-Fort Sill Regional,Lawton/Fort Sill,10k-100k,no,loss,-13.9,at least -10%,300.0,330.0,340.0,328.0,296.0,95.0,177.0,186.0,155,306,363,311,249.0,331.0,277.0,261.0
12892,LAX,CA,Los Angeles International,Los Angeles,more than 5 million,no,loss,-23.3,at least -20%,59948.0,62521.0,65055.0,61809.0,56821.0,14499.0,27339.0,29997.0,30829,42901,52156,49287,45478.0,49010.0,49788.0,46918.0
12896,LBB,TX,Lubbock Preston Smith International,Lubbock,100k-1 million,no,loss,-16.8,at least -10%,1783.0,1894.0,1914.0,1814.0,1747.0,723.0,1063.0,1257.0,1185,1486,1622,1525,1280.0,1567.0,1718.0,1599.0
12898,LBE,PA,Arnold Palmer Regional,Latrobe,100k-1 million,no,loss,-19.7,at least -10%,269.0,321.0,262.0,242.0,271.0,60.0,181.0,159.0,147,332,298,234,226.0,229.0,262.0,161.0
12899,LBF,NE,North Platte Regional Airport Lee Bird Field,North Platte,10k-100k,yes,gain,7.0,less than 10%,144.0,152.0,157.0,149.0,148.0,168.0,223.0,156.0,151,154,164,157,144.0,153.0,173.0,174.0
12902,LBL,KS,Liberal Mid-America Regional,Liberal,less than 10k,yes,loss,-1.3,less than -10%,146.0,153.0,159.0,156.0,147.0,110.0,152.0,158.0,143,154,151,151,140.0,154.0,159.0,153.0
12915,LCH,LA,Lake Charles Regional,Lake Charles,10k-100k,no,loss,-11.2,at least -10%,476.0,453.0,485.0,538.0,485.0,245.0,330.0,169.0,391,435,451,455,402.0,447.0,457.0,427.0
12917,LCK,OH,Rickenbacker International,Columbus,100k-1 million,no,loss,-6.3,less than -10%,166.0,353.0,314.0,197.0,192.0,196.0,309.0,226.0,209,339,351,223,159.0,329.0,302.0,175.0
12932,LEB,NH,Lebanon Municipal,Lebanon-Hanover,10k-100k,yes,loss,-0.6,less than -10%,475.0,535.0,542.0,496.0,496.0,457.0,539.0,524.0,499,539,526,486,480.0,517.0,528.0,510.0
12945,LEX,KY,Blue Grass,Lexington,100k-1 million,no,loss,-27.0,at least -20%,2808.0,3191.0,3135.0,3134.0,2860.0,1015.0,1649.0,1711.0,1735,2264,2302,2295,2086.0,2392.0,2360.0,2116.0
12951,LFT,LA,Lafayette Regional Paul Fournet Field,Lafayette,100k-1 million,no,loss,-3.5,less than -10%,1169.0,1267.0,1364.0,1304.0,1111.0,415.0,902.0,980.0,948,1369,1270,1175,1027.0,1409.0,1353.0,1134.0
12953,LGA,NY,LaGuardia,New York,more than 5 million,no,loss,-2.9,less than -10%,40201.0,42879.0,42374.0,41629.0,38007.0,3776.0,11093.0,10717.0,10561,17628,22726,35516,39397.0,40637.0,41303.0,40860.0
12954,LGB,CA,Long Beach Airport,Long Beach,1-5 million,no,loss,-4.1,less than -10%,3643.0,4044.0,4167.0,4121.0,3921.0,927.0,1532.0,1812.0,2134,2985,3057,3769,3762.0,3880.0,3874.0,3811.0
12992,LIT,AR,Bill and Hillary Clinton Nat Adams Field,Little Rock,1-5 million,no,loss,-18.8,at least -10%,3471.0,3893.0,3934.0,3839.0,3359.0,1277.0,1977.0,2243.0,2333,3007,3284,3103,2739.0,3193.0,3213.0,3142.0
13002,LKE,WA,Lake Union Terminal,Seattle,10k-100k,no,loss,-28.8,at least -20%,533.0,1231.0,1271.0,617.0,376.0,81.0,753.0,76.0,12,752,1337,299,250.0,590.0,1234.0,526.0
13029,LNK,NE,Lincoln Airport,Lincoln,100k-1 million,no,loss,-41.9,at least -30%,886.0,930.0,947.0,915.0,879.0,291.0,304.0,312.0,269,446,846,742,431.0,500.0,571.0,636.0
13061,LRD,TX,Laredo International,Laredo,10k-100k,no,loss,-19.8,at least -10%,592.0,657.0,710.0,684.0,568.0,234.0,359.0,386.0,375,538,661,625,495.0,584.0,558.0,483.0
13076,LSE,WI,La Crosse Regional,La Crosse,10k-100k,no,loss,-35.0,at least -30%,427.0,575.0,606.0,543.0,515.0,162.0,352.0,456.0,434,545,613,508,399.0,363.0,367.0,269.0
13121,LWB,WV,Greenbrier Valley,Lewisburg,10k-100k,yes,loss,-4.1,less than -10%,139.0,153.0,192.0,152.0,105.0,111.0,194.0,144.0,106,188,212,150,105.0,183.0,184.0,138.0
13127,LWS,ID,Lewiston Nez Perce County,Lewiston,10k-100k,no,gain,3.4,less than 10%,198.0,244.0,279.0,272.0,191.0,82.0,216.0,205.0,227,247,265,269,269.0,293.0,280.0,185.0
13139,LYH,VA,Lynchburg Regional/Preston Glenn Field,Lynchburg,10k-100k,no,loss,-18.3,at least -10%,488.0,525.0,534.0,599.0,557.0,182.0,191.0,359.0,421,492,408,407,426.0,415.0,490.0,422.0
13158,MAF,TX,Midland International Air and Space Port,Midland/Odessa,100k-1 million,no,loss,-10.4,at least -10%,2270.0,2412.0,2557.0,2536.0,2309.0,842.0,1421.0,1584.0,1564,1895,2083,2189,1833.0,2307.0,2399.0,2223.0
13184,MBS,MI,MBS International,Saginaw/Bay City/Midland,100k-1 million,no,loss,-44.8,at least -30%,712.0,751.0,732.0,740.0,713.0,193.0,418.0,423.0,361,446,512,451,419.0,452.0,373.0,377.0
13198,MCI,MO,Kansas City International,Kansas City,more than 5 million,no,loss,-20.5,at least -20%,13119.0,14092.0,14329.0,13500.0,12095.0,4585.0,7294.0,6812.0,6555,9169,10960,10762,9850.0,11077.0,11623.0,11193.0
13203,MCN,GA,Middle Georgia Regional,Macon,10k-100k,yes,loss,-19.0,at least -10%,174.0,186.0,216.0,167.0,160.0,156.0,156.0,154.0,152,192,153,157,145.0,150.0,159.0,148.0
13204,MCO,FL,Orlando International,Orlando,more than 5 million,no,gain,0.9,less than 10%,36790.0,36442.0,33803.0,37302.0,37712.0,11534.0,19472.0,24005.0,27017,35321,35008,36266,36030.0,36374.0,35143.0,38067.0
13230,MDT,PA,Harrisburg International,Harrisburg,100k-1 million,no,loss,-25.7,at least -20%,2548.0,2937.0,2968.0,2922.0,2734.0,986.0,1805.0,1652.0,1733,2303,2649,2255,1992.0,2256.0,2157.0,2050.0
13232,MDW,IL,Chicago Midway International,Chicago,more than 5 million,no,loss,-8.2,less than -10%,17709.0,21051.0,21612.0,20651.0,15778.0,10677.0,15282.0,13072.0,11595,16271,18684,16343,14039.0,18649.0,22143.0,19518.0
13241,MEI,MS,Key Field,Meridian,10k-100k,yes,loss,-17.4,at least -10%,262.0,263.0,247.0,180.0,181.0,116.0,155.0,159.0,146,158,141,157,148.0,248.0,195.0,195.0
13244,MEM,TN,Memphis International,Memphis,1-5 million,no,loss,-23.2,at least -20%,6570.0,7373.0,7255.0,7166.0,6270.0,2037.0,3844.0,4185.0,4111,5284,5606,5715,4940.0,5685.0,5655.0,5507.0
13256,MFE,TX,McAllen Miller International,Mission/McAllen/Edinburg,100k-1 million,no,loss,-19.6,at least -10%,1248.0,1330.0,1461.0,1426.0,1236.0,412.0,760.0,864.0,929,1203,1392,1207,1012.0,1144.0,1183.0,1054.0
13264,MFR,OR,Rogue Valley International - Medford,Medford,100k-1 million,no,loss,-13.0,at least -10%,1951.0,2261.0,2406.0,2313.0,1969.0,845.0,1456.0,1877.0,1761,2173,2241,1875,1840.0,2107.0,2075.0,1750.0
13277,MGM,AL,Montgomery Regional,Montgomery,100k-1 million,no,loss,-29.7,at least -20%,1147.0,1179.0,1195.0,1158.0,1089.0,355.0,703.0,709.0,717,989,1016,887,774.0,905.0,829.0,781.0
13290,MHK,KS,Manhattan Regional,Manhattan/Ft. Riley,10k-100k,no,loss,-12.3,at least -10%,398.0,485.0,523.0,525.0,419.0,108.0,191.0,182.0,198,342,441,440,395.0,446.0,437.0,416.0
13296,MHT,NH,Manchester Boston Regional,Manchester,100k-1 million,no,loss,-32.1,at least -30%,2333.0,2814.0,2898.0,2824.0,2390.0,1063.0,1267.0,1083.0,974,1405,1922,1962,1668.0,1810.0,2069.0,1831.0
13303,MIA,FL,Miami International,Miami,more than 5 million,no,gain,17.9,at least 10%,23174.0,21452.0,21189.0,22707.0,23227.0,6659.0,11275.0,12866.0,17088,23509,22773,27712,28623.0,26923.0,24535.0,24274.0
13342,MKE,WI,General Mitchell International,Milwaukee,1-5 million,no,loss,-23.4,at least -20%,8397.0,8909.0,8814.0,8649.0,8027.0,3082.0,4821.0,4516.0,4632,6190,7232,7407,6961.0,6684.0,6490.0,6486.0
13344,MKG,MI,Muskegon County,Muskegon,10k-100k,yes,gain,8.3,less than 10%,161.0,177.0,181.0,177.0,147.0,115.0,179.0,161.0,137,186,224,158,120.0,151.0,173.0,310.0
13360,MLB,FL,Melbourne Orlando International,Melbourne,100k-1 million,no,loss,-7.3,less than -10%,688.0,690.0,638.0,654.0,748.0,272.0,398.0,560.0,612,692,639,687,672.0,627.0,550.0,627.0
13367,MLI,IL,Quad Cities International,Moline,100k-1 million,no,loss,-33.4,at least -30%,1513.0,1690.0,1706.0,1678.0,1554.0,484.0,900.0,767.0,745,1060,1304,1227,1094.0,1153.0,1086.0,1052.0
13377,MLU,LA,Monroe Regional,Monroe,100k-1 million,no,loss,-31.7,at least -30%,678.0,738.0,745.0,750.0,725.0,248.0,511.0,565.0,523,658,651,602,478.0,498.0,522.0,491.0
13388,MMH,CA,Mammoth Lakes Airport,Mammoth Lakes,10k-100k,no,loss,-17.0,at least -10%,197.0,78.0,78.0,99.0,201.0,0.0,0.0,0.0,0,0,0,32,165.0,80.0,76.0,54.0
13422,MOB,AL,Mobile Regional,Mobile,100k-1 million,no,loss,-30.1,at least -30%,1549.0,1654.0,1697.0,1817.0,1614.0,565.0,1085.0,1097.0,1063,1444,1382,1295,1216.0,1251.0,1182.0,1047.0
13433,MOT,ND,Minot International,Minot,100k-1 million,no,loss,-22.3,at least -20%,631.0,716.0,776.0,743.0,662.0,257.0,534.0,719.0,659,754,719,631,556.0,558.0,593.0,521.0
13459,MQT,MI,Sawyer International,Marquette,10k-100k,no,loss,-23.0,at least -20%,281.0,365.0,395.0,337.0,284.0,143.0,333.0,313.0,265,372,445,374,307.0,295.0,264.0,195.0
13476,MRY,CA,Monterey Regional,Monterey,100k-1 million,no,loss,-13.7,at least -10%,1043.0,1272.0,1285.0,1158.0,1031.0,318.0,553.0,594.0,644,835,1033,1101,910.0,1064.0,1103.0,1031.0
13485,MSN,WI,Dane County Regional-Truax Field,Madison,1-5 million,no,loss,-26.7,at least -20%,3698.0,4046.0,4183.0,4112.0,4050.0,980.0,2060.0,1995.0,2003,2546,3170,3189,2962.0,2919.0,2967.0,2910.0
13486,MSO,MT,Missoula Montana,Missoula,100k-1 million,no,loss,-19.2,at least -10%,1188.0,1504.0,1828.0,1318.0,1114.0,526.0,1429.0,1252.0,1046,1761,2110,1060,926.0,1091.0,1646.0,1053.0
13487,MSP,MN,Minneapolis-St Paul International,Minneapolis,more than 5 million,no,loss,-25.1,at least -20%,39221.0,43707.0,46571.0,42089.0,38062.0,11531.0,25860.0,27915.0,26819,32612,37091,33606,30789.0,33089.0,34083.0,30566.0
13495,MSY,LA,Louis Armstrong New Orleans International,New Orleans,more than 5 million,no,loss,-16.5,at least -10%,13994.0,14927.0,14008.0,14646.0,13694.0,3757.0,6328.0,6611.0,6864,9729,8623,11341,11458.0,12102.0,12084.0,12408.0
13502,MTJ,CO,Montrose Regional,Montrose/Delta,100k-1 million,no,loss,-0.1,less than -10%,1013.0,535.0,815.0,624.0,950.0,231.0,395.0,513.0,1152,507,753,646,1199.0,548.0,705.0,531.0
13541,MVY,MA,Martha's Vineyard Airport,Martha's Vineyard,10k-100k,no,loss,-0.8,less than -10%,352.0,989.0,2340.0,722.0,502.0,389.0,1146.0,523.0,385,1129,2293,845,552.0,982.0,2035.0,798.0
13543,MWA,IL,Veterans Airport of Southern Illinois,Marion/Herrin,10k-100k,yes,loss,-7.2,less than -10%,441.0,459.0,476.0,473.0,460.0,466.0,487.0,491.0,452,481,464,455,398.0,416.0,448.0,454.0
13577,MYR,SC,Myrtle Beach International,Myrtle Beach,1-5 million,no,gain,38.5,at least 30%,1966.0,3748.0,3909.0,2309.0,1862.0,1043.0,2987.0,1890.0,1708,5067,6482,3472,2583.0,4961.0,5646.0,3331.0
16218,YUM,AZ,Yuma MCAS/Yuma International,Yuma,10k-100k,no,loss,-14.5,at least -10%,378.0,524.0,470.0,560.0,522.0,218.0,217.0,365.0,484,535,449,497,417.0,438.0,383.0,413.0
13795,OAJ,NC,Albert J Ellis,Jacksonville/Camp Lejeune,100k-1 million,no,loss,-29.6,at least -20%,795.0,878.0,856.0,852.0,826.0,357.0,678.0,684.0,755,884,763,742,614.0,649.0,626.0,490.0
13796,OAK,CA,Metro Oakland International,Oakland,more than 5 million,no,loss,-13.4,at least -10%,12629.0,13860.0,14313.0,13623.0,11619.0,4441.0,7085.0,6640.0,6635,8652,10001,9934,9901.0,12067.0,13278.0,11879.0
13829,OGD,UT,Ogden-Hinckley,Ogden,10k-100k,no,loss,-13.9,at least -10%,25.0,27.0,29.0,27.0,24.0,11.0,26.0,26.0,26,78,84,62,56.0,35.0,1.0,1.0
13832,OGS,NY,Ogdensburg International,Ogdensburg,10k-100k,yes,loss,-36.7,at least -30%,279.0,222.0,163.0,169.0,175.0,121.0,156.0,158.0,147,157,157,150,115.0,124.0,155.0,133.0
13851,OKC,OK,Will Rogers World,Oklahoma City,1-5 million,no,loss,-18.7,at least -10%,5806.0,6648.0,6773.0,6607.0,5819.0,2407.0,3895.0,3764.0,3780,4849,5721,5476,4655.0,5289.0,5766.0,5284.0
13871,OMA,NE,Eppley Airfield,Omaha,1-5 million,no,loss,-20.6,at least -20%,6419.0,7065.0,6961.0,6659.0,6230.0,2400.0,3958.0,3974.0,4040,5377,5884,5596,5175.0,5545.0,5517.0,5274.0
13891,ONT,CA,Ontario International,Ontario,1-5 million,no,gain,1.4,less than 10%,5034.0,5614.0,6259.0,6123.0,5481.0,2295.0,3766.0,3974.0,3818,4819,5645,5772,5165.0,6094.0,6259.0,5836.0
13930,ORD,IL,Chicago O'Hare International,Chicago,more than 5 million,no,loss,-25.7,at least -20%,87636.0,99979.0,103640.0,101538.0,88659.0,27572.0,51848.0,47886.0,44828,69237,91301,80436,68221.0,74680.0,76336.0,72465.0
13931,ORF,VA,Norfolk International,Norfolk,1-5 million,no,loss,-13.3,at least -10%,6088.0,6813.0,7025.0,6702.0,5721.0,1883.0,3186.0,3514.0,3603,4572,5469,5674,5139.0,6307.0,6211.0,5419.0
13933,ORH,MA,Worcester Regional,Worcester,10k-100k,no,loss,-2.9,less than -10%,419.0,399.0,408.0,440.0,406.0,139.0,90.0,0.0,0,0,40,320,376.0,399.0,425.0,418.0
13964,OTH,OR,Southwest Oregon Regional,North Bend/Coos Bay,10k-100k,no,loss,-8.8,less than -10%,81.0,96.0,116.0,71.0,56.0,65.0,118.0,55.0,39,101,119,69,60.0,91.0,117.0,64.0
13983,OWB,KY,Owensboro Daviess County Regional,Owensboro,10k-100k,yes,loss,-6.0,less than -10%,269.0,302.0,294.0,299.0,291.0,284.0,298.0,306.0,287,298,294,280,260.0,284.0,279.0,271.0
14004,PAE,WA,Snohomish County,Everett,100k-1 million,no,loss,-39.0,at least -30%,444.0,2163.0,2190.0,2132.0,1924.0,143.0,178.0,482.0,452,584,570,525,842.0,1306.0,1336.0,745.0
14006,PAH,KY,Barkley Regional,Paducah,10k-100k,yes,loss,-35.8,at least -30%,288.0,327.0,336.0,288.0,168.0,121.0,178.0,183.0,157,184,180,179,163.0,269.0,196.0,168.0
14025,PBG,NY,Plattsburgh International,Plattsburgh,100k-1 million,yes,loss,-28.8,at least -20%,402.0,337.0,293.0,313.0,372.0,177.0,208.0,209.0,228,74,236,245,254.0,218.0,241.0,244.0
14027,PBI,FL,Palm Beach International,West Palm Beach/Palm Beach,1-5 million,no,loss,-8.6,less than -10%,7866.0,6636.0,5211.0,7093.0,8071.0,1615.0,2354.0,3878.0,5246,5627,4586,6337,7274.0,5931.0,4763.0,6530.0
14057,PDX,OR,Portland International,Portland,more than 5 million,no,loss,-32.4,at least -30%,20070.0,22004.0,24228.0,21925.0,19179.0,6026.0,11816.0,12696.0,11364,14305,16378,14578,13235.0,15691.0,16163.0,14551.0
14081,PGA,AZ,Page Municipal,Page,10k-100k,yes,loss,-16.9,at least -10%,171.0,206.0,182.0,145.0,142.0,151.0,155.0,112.0,89,171,199,127,114.0,163.0,199.0,109.0
14082,PGD,FL,Punta Gorda Airport,Punta Gorda,100k-1 million,no,gain,11.2,at least 10%,1585.0,1405.0,953.0,1394.0,1872.0,850.0,1063.0,1358.0,1812,1350,1140,1574,1892.0,1581.0,1137.0,1325.0
14092,PGV,NC,Pitt Greenville,Greenville,10k-100k,no,loss,-47.0,at least -30%,338.0,369.0,371.0,406.0,310.0,160.0,201.0,12.0,113,268,259,267,242.0,183.0,181.0,180.0
14098,PHF,VA,Newport News/Williamsburg International,Newport News/Williamsburg,100k-1 million,no,loss,-56.8,at least -30%,856.0,1031.0,1032.0,1019.0,823.0,314.0,414.0,442.0,283,477,576,567,471.0,401.0,437.0,391.0
14100,PHL,PA,Philadelphia International,Philadelphia,more than 5 million,no,loss,-33.5,at least -30%,34920.0,39866.0,40159.0,38715.0,33540.0,11495.0,21950.0,18282.0,17596,25293,30936,28283,23562.0,26790.0,26721.0,25153.0
14107,PHX,AZ,Phoenix Sky Harbor International,Phoenix,more than 5 million,no,loss,-7.3,less than -10%,45381.0,44865.0,43527.0,45572.0,45369.0,16468.0,27135.0,30757.0,33740,41355,43210,43673,41494.0,41255.0,40715.0,42845.0
14108,PIA,IL,General Downing - Peoria International,Peoria,100k-1 million,no,loss,-35.8,at least -30%,1314.0,1557.0,1523.0,1479.0,1467.0,577.0,915.0,763.0,633,843,1006,959,819.0,991.0,1001.0,960.0
14109,PIB,MS,Hattiesburg-Laurel Regional,Hattiesburg/Laurel,10k-100k,yes,loss,-4.9,less than -10%,176.0,177.0,176.0,165.0,165.0,107.0,155.0,159.0,149,156,154,147,150.0,161.0,185.0,164.0
14112,PIE,FL,St Pete Clearwater International,St. Petersburg,1-5 million,no,loss,-0.5,less than -10%,1852.0,2153.0,1831.0,1861.0,1896.0,1138.0,1673.0,1595.0,1856,2002,1756,1871,1911.0,2170.0,1822.0,1758.0
14113,PIH,ID,Pocatello Regional,Pocatello,10k-100k,no,loss,-66.7,at least -30%,271.0,281.0,277.0,272.0,263.0,73.0,235.0,284.0,259,267,279,140,92.0,92.0,92.0,91.0
14120,PIR,SD,Pierre Regional,Pierre,10k-100k,yes,loss,-2.2,less than -10%,0.0,239.0,231.0,161.0,161.0,113.0,153.0,157.0,148,158,314,290,155.0,156.0,159.0,147.0
14122,PIT,PA,Pittsburgh International,Pittsburgh,1-5 million,no,loss,-23.9,at least -20%,13501.0,14801.0,14841.0,14474.0,13331.0,5132.0,8025.0,7390.0,6525,9090,10753,11824,10583.0,11351.0,11081.0,10805.0
14150,PLN,MI,Pellston Regional Airport of Emmet County,Pellston,10k-100k,yes,loss,-30.8,at least -30%,198.0,292.0,352.0,218.0,219.0,137.0,392.0,159.0,154,228,361,155,145.0,191.0,248.0,149.0
14193,PNS,FL,Pensacola International,Pensacola,1-5 million,no,loss,-14.4,at least -10%,3094.0,3705.0,3911.0,3463.0,3160.0,1487.0,2738.0,2544.0,2651,4291,4680,3294,2947.0,3288.0,3192.0,2712.0
14231,PQI,ME,Presque Isle International,Presque Isle/Houlton,10k-100k,yes,gain,1.9,less than 10%,116.0,149.0,151.0,152.0,145.0,81.0,80.0,97.0,92,140,151,153,138.0,143.0,146.0,152.0
14237,PRC,AZ,Prescott Regional Ernest A Love Field,Prescott,10k-100k,yes,loss,-0.1,less than -10%,174.0,181.0,183.0,192.0,211.0,105.0,184.0,190.0,242,252,255,222,182.0,186.0,184.0,177.0
14252,PSC,WA,Tri Cities,Pasco/Kennewick/Richland,100k-1 million,no,loss,-14.1,at least -10%,1541.0,1777.0,1863.0,1794.0,1549.0,566.0,1157.0,1286.0,1187,1634,1724,1399,1443.0,1559.0,1591.0,1398.0
14259,PSM,NH,Portsmouth International at Pease,Portsmouth,10k-100k,no,loss,-13.5,at least -10%,134.0,140.0,86.0,62.0,98.0,62.0,60.0,60.0,88,101,82,60,87.0,119.0,95.0,64.0
14262,PSP,CA,Palm Springs International,Palm Springs,1-5 million,no,gain,17.0,at least 10%,4247.0,3121.0,1973.0,3312.0,3956.0,976.0,1267.0,3215.0,4154,3114,2530,3879,4515.0,3699.0,2670.0,3920.0
14288,PUB,CO,Pueblo Memorial,Pueblo,10k-100k,yes,loss,-44.2,at least -30%,217.0,233.0,243.0,231.0,171.0,170.0,224.0,154.0,149,173,181,153,141.0,166.0,117.0,92.0
14303,PUW,WA,Pullman Moscow Regional,Pullman,10k-100k,no,gain,5.5,less than 10%,300.0,360.0,270.0,350.0,387.0,94.0,148.0,178.0,170,222,306,249,294.0,309.0,388.0,360.0
14306,PVC,MA,Provincetown Municipal,Provincetown,10k-100k,no,loss,-29.5,at least -20%,198.0,448.0,1105.0,365.0,248.0,140.0,324.0,197.0,152,381,821,373,38.0,344.0,793.0,317.0
14307,PVD,RI,Rhode Island Tf Green International,Providence,1-5 million,no,loss,-14.8,at least -10%,4312.0,5150.0,5269.0,5129.0,4250.0,1309.0,2116.0,2097.0,1877,3114,3687,3973,3864.0,4309.0,4521.0,4221.0
14314,PVU,UT,Provo Municipal,Provo,100k-1 million,no,gain,96.8,at least 30%,153.0,188.0,201.0,198.0,181.0,75.0,160.0,163.0,184,266,215,231,281.0,276.0,367.0,532.0
14321,PWM,ME,Portland International Jetport,Portland,1-5 million,no,loss,-23.1,at least -20%,2936.0,3630.0,4390.0,3836.0,3284.0,871.0,2021.0,1795.0,1461,2832,4281,3044,2190.0,2938.0,3605.0,2647.0
14457,RAP,SD,Rapid City Regional,Rapid City,100k-1 million,no,loss,-25.9,at least -20%,975.0,1569.0,2160.0,1441.0,1098.0,620.0,1203.0,1132.0,985,1558,2262,1169,783.0,1110.0,1663.0,997.0
14487,RDD,CA,Redding Municipal,Redding,10k-100k,no,gain,43.0,at least 30%,270.0,360.0,368.0,366.0,352.0,88.0,122.0,90.0,105,249,498,469,501.0,509.0,505.0,436.0
14489,RDM,OR,Roberts Field,Bend/Redmond,100k-1 million,no,loss,-8.5,less than -10%,1943.0,2219.0,2459.0,2167.0,2221.0,791.0,1648.0,2092.0,1847,2182,2328,1865,1869.0,2148.0,2170.0,1852.0
14492,RDU,NC,Raleigh-Durham International,Raleigh/Durham,more than 5 million,no,loss,-23.7,at least -20%,15540.0,17853.0,18207.0,17720.0,15313.0,3533.0,6742.0,6921.0,7435,10850,12251,13266,12374.0,13496.0,13656.0,13360.0
14512,RFD,IL,Chicago/Rockford International,Rockford,100k-1 million,no,loss,-1.8,less than -10%,190.0,218.0,189.0,190.0,209.0,119.0,178.0,195.0,224,176,178,191,221.0,190.0,170.0,192.0
14520,RHI,WI,Rhinelander/Oneida County,Rhinelander,10k-100k,yes,loss,-10.7,at least -10%,173.0,198.0,245.0,180.0,179.0,119.0,203.0,185.0,180,212,355,178,179.0,183.0,183.0,166.0
14524,RIC,VA,Richmond International,Richmond,1-5 million,no,loss,-17.1,at least -10%,6735.0,7431.0,7293.0,7357.0,6751.0,1582.0,2948.0,3137.0,3129,4504,5628,6253,5531.0,6308.0,6161.0,5900.0
14534,RIW,WY,Central Wyoming Regional,Riverton/Lander,10k-100k,no,loss,-61.7,at least -30%,243.0,282.0,299.0,196.0,222.0,60.0,94.0,110.0,95,125,185,171,116.0,95.0,90.0,90.0
14543,RKS,WY,Southwest Wyoming Regional,Rock Springs,10k-100k,no,loss,-45.5,at least -30%,176.0,174.0,185.0,180.0,168.0,107.0,139.0,111.0,93,126,178,176,109.0,91.0,95.0,95.0
14570,RNO,NV,Reno/Tahoe International,Reno,1-5 million,no,loss,-14.8,at least -10%,5420.0,5857.0,6291.0,5780.0,5391.0,1734.0,3244.0,3455.0,3906,5350,6259,5132,4861.0,4945.0,5380.0,4710.0
14574,ROA,VA,Roanoke Blacksburg Regional,Roanoke,100k-1 million,no,loss,-21.9,at least -20%,1657.0,1846.0,1837.0,1918.0,1716.0,683.0,1089.0,1128.0,1053,1289,1550,1431,1337.0,1311.0,1497.0,1522.0
14576,ROC,NY,Frederick Douglass Grtr Rochester International,Rochester,1-5 million,no,loss,-14.7,at least -10%,4302.0,4726.0,4596.0,4745.0,4231.0,1163.0,2044.0,1825.0,1678,2611,3393,3855,3677.0,4053.0,3962.0,3975.0
14588,ROW,NM,Roswell Air Center,Roswell,10k-100k,no,loss,-11.5,at least -10%,330.0,370.0,339.0,367.0,344.0,104.0,153.0,184.0,188,317,343,346,263.0,304.0,371.0,307.0
14633,RST,MN,Rochester International,Rochester,100k-1 million,no,loss,-57.5,at least -30%,906.0,1017.0,1085.0,1083.0,972.0,262.0,378.0,683.0,651,829,835,558,448.0,475.0,457.0,358.0
14635,RSW,FL,Southwest Florida International,Fort Myers,1-5 million,no,gain,2.4,less than 10%,12301.0,8284.0,5358.0,9270.0,12731.0,3455.0,4715.0,8072.0,10975,11448,8177,10594,13144.0,9218.0,6250.0,7451.0
14674,SAF,NM,Santa Fe Municipal,Santa Fe,100k-1 million,no,loss,-10.5,at least -10%,536.0,724.0,736.0,806.0,646.0,273.0,322.0,297.0,337,392,632,714,512.0,688.0,703.0,604.0
14679,SAN,CA,San Diego International,San Diego,more than 5 million,no,loss,-13.7,at least -10%,22791.0,24706.0,26127.0,24449.0,22431.0,7078.0,12068.0,11595.0,10984,15776,19260,17630,16986.0,21487.0,24051.0,22070.0
14683,SAT,TX,San Antonio International,San Antonio,1-5 million,no,loss,-18.6,at least -10%,10017.0,10745.0,10998.0,10599.0,9234.0,3265.0,5026.0,4975.0,4739,7027,7976,8257,7521.0,8669.0,9222.0,9056.0
14685,SAV,GA,Savannah/Hilton Head International,Savannah,1-5 million,no,loss,-0.4,less than -10%,4045.0,5005.0,4971.0,4547.0,4031.0,1392.0,2695.0,2662.0,2892,5093,5456,4707,4087.0,5152.0,4817.0,4442.0
14689,SBA,CA,Santa Barbara Municipal,Santa Barbara,100k-1 million,no,loss,-21.7,at least -20%,2063.0,2430.0,2705.0,2696.0,2518.0,642.0,1022.0,1111.0,1101,1861,2232,1945,1830.0,2080.0,2085.0,1755.0
14696,SBN,IN,South Bend International,South Bend,100k-1 million,no,loss,-27.6,at least -20%,1741.0,1900.0,2036.0,2032.0,1829.0,643.0,1231.0,1426.0,1311,1448,1769,1605,1334.0,1429.0,1348.0,1474.0
14698,SBP,CA,San Luis County Regional,San Luis Obispo,100k-1 million,no,loss,-10.5,at least -10%,1241.0,1357.0,1407.0,1527.0,1599.0,579.0,847.0,909.0,793,1002,881,1165,1182.0,1248.0,1330.0,1193.0
14704,SBY,MD,Salisbury-Ocean City/Wicomico Regional,Salisbury,10k-100k,no,loss,-36.4,at least -30%,426.0,462.0,508.0,509.0,433.0,279.0,308.0,352.0,283,386,532,375,328.0,266.0,286.0,332.0
14711,SCE,PA,University Park,State College,100k-1 million,no,loss,-49.2,at least -30%,1015.0,1303.0,1247.0,1427.0,1123.0,389.0,650.0,627.0,492,644,1209,856,536.0,657.0,615.0,729.0
14716,SCK,CA,Stockton Metro,Stockton,100k-1 million,no,loss,-42.0,at least -30%,168.0,201.0,294.0,369.0,315.0,65.0,110.0,106.0,126,182,166,170,159.0,147.0,148.0,145.0
14730,SDF,KY,Louisville Muhammad Ali International,Louisville,1-5 million,no,loss,-19.9,at least -10%,6162.0,7215.0,7296.0,7284.0,6185.0,2090.0,3726.0,3436.0,3391,4945,6437,6130,5352.0,5688.0,5814.0,5527.0
14747,SEA,WA,Seattle/Tacoma International,Seattle,more than 5 million,no,loss,-10.7,at least -10%,42673.0,48436.0,52893.0,47479.0,42612.0,17844.0,33651.0,34556.0,33443,43204,48784,40674,37778.0,43031.0,48380.0,41804.0
14761,SFB,FL,Orlando Sanford International,Sanford,1-5 million,no,loss,-17.8,at least -10%,2701.0,3060.0,2398.0,2596.0,2544.0,1194.0,1884.0,1928.0,2301,2624,2288,2239,2290.0,2390.0,2038.0,2118.0
14771,SFO,CA,San Francisco International,San Francisco,more than 5 million,no,loss,-25.4,at least -20%,40380.0,44056.0,46115.0,42599.0,38847.0,10398.0,19023.0,19145.0,17532,21950,28999,29850,29201.0,33014.0,34619.0,32278.0
14783,SGF,MO,Springfield-Branson National,Springfield,100k-1 million,no,loss,-23.5,at least -20%,2387.0,2803.0,2986.0,2757.0,2479.0,959.0,1811.0,1673.0,1624,2190,2422,2175,2025.0,2093.0,2186.0,2059.0
14794,SGU,UT,St George Regional,St. George,100k-1 million,no,gain,9.8,less than 10%,926.0,648.0,51.0,975.0,964.0,305.0,587.0,797.0,781,1095,1111,845,609.0,729.0,804.0,713.0
14802,SHD,VA,Shenandoah Valley Regional,Staunton,10k-100k,yes,gain,0.7,less than 10%,161.0,167.0,171.0,197.0,261.0,114.0,154.0,157.0,165,163,182,180,174.0,183.0,182.0,162.0
14812,SHR,WY,Sheridan County,Sheridan,10k-100k,no,loss,-13.0,at least -10%,166.0,204.0,221.0,124.0,166.0,66.0,109.0,136.0,101,167,257,187,153.0,157.0,157.0,155.0
14814,SHV,LA,Shreveport Regional,Shreveport,100k-1 million,no,loss,-25.7,at least -20%,1531.0,1797.0,1870.0,1834.0,1561.0,682.0,1132.0,1168.0,1080,1367,1597,1416,1273.0,1345.0,1386.0,1223.0
14831,SJC,CA,Norman Y. Mineta San Jose International,San Jose,more than 5 million,no,loss,-25.1,at least -20%,16012.0,17456.0,18732.0,17615.0,15727.0,4619.0,7293.0,6494.0,6695,8693,11013,11316,10370.0,13522.0,14843.0,13565.0
14842,SJT,TX,San Angelo Regional/Mathis Field,San Angelo,10k-100k,no,loss,-25.2,at least -20%,390.0,434.0,513.0,518.0,397.0,198.0,258.0,349.0,358,610,668,406,331.0,411.0,359.0,286.0
14869,SLC,UT,Salt Lake City International,Salt Lake City,more than 5 million,no,loss,-9.9,less than -10%,29526.0,30391.0,31665.0,29604.0,28964.0,12077.0,23537.0,25495.0,25584,30689,33614,28984,26412.0,27649.0,28971.0,26132.0
14877,SLN,KS,Salina Regional,Salina,10k-100k,yes,loss,-11.4,at least -10%,216.0,228.0,238.0,234.0,214.0,113.0,153.0,164.0,151,167,187,180,167.0,271.0,194.0,180.0
14893,SMF,CA,Sacramento International,Sacramento,more than 5 million,no,loss,-8.0,less than -10%,12832.0,14304.0,15425.0,14854.0,13379.0,5094.0,7978.0,8171.0,7823,10302,12832,12026,11057.0,13802.0,14500.0,13436.0
14905,SMX,CA,Santa Maria Public/Capt. G. Allan Hancock Field,Santa Maria,10k-100k,no,loss,-33.0,at least -30%,45.0,44.0,53.0,52.0,38.0,16.0,38.0,47.0,52,95,96,72,43.0,30.0,27.0,30.0
14908,SNA,CA,John Wayne Airport-Orange County,Santa Ana,more than 5 million,no,gain,4.6,less than 10%,10691.0,11215.0,11167.0,10904.0,9503.0,2944.0,5761.0,5683.0,6509,8491,10701,10510,10573.0,11673.0,11974.0,11758.0
14952,SPI,IL,Abraham Lincoln Capital,Springfield,10k-100k,no,loss,-25.0,at least -20%,380.0,448.0,418.0,500.0,395.0,243.0,317.0,190.0,287,297,436,399,356.0,329.0,307.0,318.0
14960,SPS,TX,Sheppard AFB/Wichita Falls Municipal,Wichita Falls,10k-100k,no,loss,-11.5,at least -10%,250.0,319.0,342.0,312.0,246.0,150.0,141.0,203.0,233,343,328,336,287.0,304.0,277.0,214.0
14986,SRQ,FL,Sarasota/Bradenton International,Sarasota/Bradenton,100k-1 million,no,gain,75.6,at least 30%,2163.0,2134.0,1836.0,2514.0,2993.0,944.0,1453.0,2284.0,3474,4301,3819,4537,4756.0,3838.0,2658.0,3932.0
15008,STC,MN,St. Cloud Regional,St. Cloud,10k-100k,no,loss,-18.0,at least -10%,62.0,32.0,10.0,29.0,62.0,21.0,18.0,30.0,61,27,20,29,67.0,14.0,0.0,28.0
15016,STL,MO,St Louis Lambert International,St. Louis,more than 5 million,no,loss,-21.9,at least -20%,19406.0,21165.0,21644.0,20671.0,18881.0,8425.0,14153.0,11479.0,10456,13709,16225,15916,14802.0,16832.0,17111.0,15994.0
15023,STS,CA,Charles M. Schulz - Sonoma County,Santa Rosa,100k-1 million,no,gain,14.0,at least 10%,768.0,993.0,1291.0,1077.0,1008.0,365.0,705.0,737.0,420,937,1190,1180,994.0,1229.0,1409.0,1077.0
15041,SUN,ID,Friedman Memorial,Sun Valley/Hailey/Ketchum,10k-100k,no,gain,14.3,at least 10%,476.0,257.0,543.0,322.0,540.0,96.0,345.0,339.0,625,397,649,427,600.0,239.0,602.0,386.0
15048,SUX,IA,Sioux Gateway Brig Gen Bud Day Field,Sioux City,10k-100k,no,loss,-47.1,at least -30%,298.0,329.0,312.0,354.0,274.0,87.0,195.0,162.0,155,251,249,216,167.0,158.0,180.0,179.0
15070,SWF,NY,New York Stewart International,Newburgh/Poughkeepsie,100k-1 million,no,loss,-70.5,at least -30%,549.0,733.0,812.0,759.0,578.0,117.0,164.0,91.0,144,185,217,172,192.0,243.0,237.0,171.0
15074,SWO,OK,Stillwater Regional,Stillwater,10k-100k,no,loss,-16.7,at least -10%,170.0,221.0,244.0,211.0,170.0,97.0,134.0,139.0,88,117,169,166,167.0,180.0,181.0,177.0
15096,SYR,NY,Syracuse Hancock International,Syracuse,1-5 million,no,loss,-11.7,at least -10%,3943.0,4416.0,4414.0,4525.0,3978.0,990.0,1646.0,1837.0,1902,2674,3485,3856,3578.0,3961.0,3824.0,3919.0
15177,TEX,CO,Telluride Regional,Telluride,less than 10k,no,loss,-28.2,at least -20%,118.0,187.0,430.0,154.0,120.0,16.0,92.0,54.0,144,87,92,108,180.0,140.0,188.0,130.0
15249,TLH,FL,Tallahassee International,Tallahassee,100k-1 million,no,loss,-25.4,at least -20%,1740.0,1886.0,1908.0,1972.0,1865.0,581.0,959.0,1032.0,1131,1448,1478,1485,1324.0,1425.0,1436.0,1412.0
15295,TOL,OH,Eugene F Kranz Toledo Express,Toledo,100k-1 million,no,loss,-58.2,at least -30%,484.0,544.0,500.0,529.0,530.0,228.0,243.0,334.0,312,323,403,257,277.0,284.0,187.0,112.0
15304,TPA,FL,Tampa International,Tampa,more than 5 million,no,loss,-7.3,less than -10%,21316.0,20370.0,18304.0,20701.0,20958.0,6433.0,10721.0,12951.0,15021,18266,17486,19613,20239.0,18894.0,16905.0,18733.0
15323,TRI,TN,Tri Cities,Bristol/Johnson City/Kingsport,100k-1 million,no,loss,-12.2,at least -10%,947.0,1068.0,1131.0,1235.0,1066.0,499.0,784.0,750.0,699,893,934,993,837.0,1084.0,1016.0,910.0
15356,TTN,NJ,Trenton Mercer,Trenton,100k-1 million,no,loss,-26.1,at least -20%,586.0,736.0,796.0,818.0,754.0,79.0,157.0,191.0,252,396,514,648,637.0,633.0,476.0,425.0
15370,TUL,OK,Tulsa International,Tulsa,1-5 million,no,loss,-11.1,at least -10%,4342.0,4684.0,4727.0,4550.0,4065.0,1473.0,2881.0,2740.0,2566,3637,4191,3955,3450.0,4086.0,4442.0,4294.0
15374,TUP,MS,Tupelo Regional,Tupelo,10k-100k,yes,loss,-29.2,at least -20%,367.0,234.0,236.0,155.0,230.0,233.0,236.0,180.0,169,243,195,177,173.0,176.0,179.0,174.0
15376,TUS,AZ,Tucson International,Tucson,1-5 million,no,loss,-18.6,at least -10%,5394.0,4915.0,4412.0,5184.0,5162.0,1811.0,2444.0,3045.0,3410,3801,3988,4222,4204.0,4006.0,3783.0,4218.0
15380,TVC,MI,Cherry Capital,Traverse City,100k-1 million,no,loss,-14.4,at least -10%,842.0,1409.0,2111.0,1210.0,1035.0,436.0,1421.0,855.0,676,1603,2185,990,848.0,1230.0,1836.0,858.0
15389,TWF,ID,Joslin Field - Magic Valley Regional,Twin Falls,10k-100k,no,loss,-66.0,at least -30%,424.0,278.0,268.0,310.0,340.0,73.0,244.0,296.0,277,320,368,214,98.0,98.0,98.0,141.0
15401,TXK,AR,Texarkana Regional-Webb Field,Texarkana,10k-100k,no,gain,3.0,less than 10%,251.0,312.0,336.0,309.0,238.0,133.0,180.0,208.0,233,269,266,280,294.0,366.0,316.0,268.0
15411,TYR,TX,Tyler Pounds Regional,Tyler,10k-100k,no,loss,-20.9,at least -20%,328.0,335.0,414.0,442.0,376.0,176.0,184.0,268.0,335,332,311,357,365.0,303.0,268.0,265.0
15412,TYS,TN,McGhee Tyson,Knoxville,1-5 million,no,loss,-24.6,at least -20%,4670.0,5440.0,5614.0,5420.0,4727.0,1615.0,3089.0,2882.0,2908,3964,4385,4319,3703.0,4205.0,4185.0,3849.0
15454,UIN,IL,Quincy Regional-Baldwin Field,Quincy,10k-100k,yes,gain,96.8,at least 30%,135.0,146.0,156.0,157.0,428.0,484.0,497.0,499.0,423,491,485,442,364.0,432.0,197.0,176.0
15582,VEL,UT,Vernal Regional,Vernal,10k-100k,yes,loss,-16.5,at least -10%,128.0,149.0,156.0,154.0,136.0,111.0,153.0,151.0,145,155,149,154,151.0,156.0,98.0,85.0
15607,VLD,GA,Valdosta Regional,Valdosta,10k-100k,no,loss,-3.5,less than -10%,253.0,260.0,263.0,264.0,256.0,105.0,182.0,279.0,284,354,283,255,227.0,260.0,261.0,256.0
15624,VPS,FL,Eglin AFB Destin Fort Walton Beach,Valparaiso,100k-1 million,no,loss,-1.4,less than -10%,1588.0,2513.0,2791.0,1941.0,1566.0,1150.0,2379.0,1994.0,1894,3676,3890,2253,1862.0,2553.0,2558.0,1733.0
15855,WST,RI,Westerly State,Westerly,10k-100k,no,loss,-10.5,at least -10%,614.0,999.0,1771.0,726.0,533.0,452.0,1564.0,687.0,553,1116,1587,776,574.0,1010.0,1317.0,778.0
15919,XNA,AR,Northwest Arkansas National,Fayetteville,100k-1 million,no,loss,-22.4,at least -20%,3417.0,3933.0,4063.0,4032.0,3851.0,1033.0,1721.0,1781.0,1661,2447,2903,3273,2812.0,3128.0,3089.0,2960.0
16101,YKM,WA,Yakima Air Terminal/McAllister Field,Yakima,10k-100k,no,loss,-51.0,at least -30%,306.0,286.0,303.0,329.0,325.0,82.0,133.0,186.0,176,181,206,189,174.0,176.0,158.0,92.0
16869,XWA,ND,Williston Basin International,Williston,10k-100k,no,loss,-28.0,at least -20%,499.0,529.0,574.0,458.0,423.0,157.0,96.0,178.0,172,209,378,373,314.0,347.0,449.0,371.0
